Category,COST ACCOUNT
NCO,
NCO,S1.P3.NCO.1.9.1
NCO,S1.P3.NCO.4.1.1
NCO,S1.P3.NCO.4.1.2
NCO,S1.P3.NCO.4.1.3
NCO,S1.P3.NCO.4.2.1.1
NCO,S1.P3.NCO.4.2.1.2
NCO,S1.P3.NCO.4.2.2.1
NCO,S1.P3.NCO.4.2.2.2
NCO,S1.P3.NCO.4.2.2.3
NCO,S1.P3.NCO.4.2.2.4
NCO,S1.P3.NCO.4.2.2.5
NCO,S1.P3.NCO.4.2.2.6
NCO,S1.P3.NCO.4.2.2.7
NCO,S1.P3.NCO.4.2.3.1
NCO,S1.P3.NCO. 4.3.1
NCO,S1.P3.NCO.4.3.2
NCO,S1.P3.NCO.4.3.3
NCO,S1.P3.NCO.4.3.4
NCO,S1.P3.NCO.4.3.5
NCO,S1.P3.NCO.4.4.1.1
NCO,S1.P3.NCO.4.4.2.1
NCO,S1.P3.NCO.4.4.2.2
NCO,S1.P3.NCO.4.4.2.3
NCO,S1.P3.NCO.4.4.3.1
NCO,S1.P3.NCO.4.5.3
NCO,S1.P3.NCO.4.6.1
NCO,S1.P3.NCO.4.6.2
NCO,S1.P3.NCO.4.7.1
NCO,S1.P3.NCO.5.1
NCO,S1.P3.NCO.5.2
NCO,S1.P3.NCO.5.4
NCO,S1.P3.NCO.6.1.1
NCO,S1.P3.NCO.6.1.2
NCO,S1.P3.NCO.6.1.3
NCO,S1.P3.NCO.6.2.1.1
NCO,S1.P3.NCO.6.2.2.1
NCO,S1.P3.NCO.6.2.2.2
NCO,S1.P3.NCO.6.2.2.3
NCO,S1.P3.NCO.6.2.2.4
NCO,S1.P3.NCO.6.2.2.5
NCO,S1.P3.NCO.6.2.3.1
NCO,S1.P3.NCO.6.2.3.2
NCO,S1.P3.NCO.6.2.3.3
NCO,S1.P3.NCO.6.2.3.4
NCO,S1.P3.NCO.6.2.3.5
NCO,S1.P3.NCO. 6.3.1
NCO,S1.P3.NCO. 6.3.2
NCO,S1.P3.NCO.6.4.1.1
NCO,S1.P3.NCO.6.4.1.2
NCO,S1.P3.NCO.6.4.1.3
NCO,S1.P3.NCO.6.4.1.4
NCO,S1.P3.NCO.6.4.1.5
NCO,S1.P3.NCO.6.4.1.6
NCO,S1.P3.NCO.6.4.1.7
NCO,S1.P3.NCO.6.4.1.8
NCO,S1.P3.NCO.6.4.2.1
NCO,S1.P3.NCO.6.4.2.2
NCO,S1.P3.NCO.6.5.1
NCO,S1.P3.NCO.6.5.2
NCO,S1.P3.NCO.6.5.3
NCO,S1.P3.NCO.6.5.4
NCO,S1.P3.NCO.6.5.5
NCO,S1.P3.NCO.6.5.6
NCO,S1.P3.NCO.6.5.7
NCO,S1.P3.NCO.6.5.8
NCO,S1.P3.NCO.6.5.9
NCO,S1.P3.NCO.6.5.10
NCO,S1.P3.NCO.6.5.11
NCO,S1.P3.NCO.6.5.12
NCO,S1.P3.NCO.6.5.13
NCO,S1.P3.NCO.6.6.1
NCO,S1.P3.NCO.6.6.2
NCO,S1.P3.NCO.6.6.3
NCO,S1.P3.NCO.6.6.4
NCO,S1.P3.NCO.6.6.5
NCO,S1.P3.NCO.6.6.6
NCO,S1.P3.NCO.6.6.7
NCO,S1.P3.NCO.6.6.8
NCO,S1.P3.NCO.6.6.9
NCO,S1.P3.NCO.6.6.10
NCO,S1.P3.NCO.6.6.11
NCO,S1.P3.NCO.6.6.12
NCO,S1.P3.NCO.7.1.2.1
NCO,S1.P3.NCO.7.1.2.2
NCO,S1.P3.NCO.7.1.3.1
NCO,S1.P3.NCO.7.1.3.2
NCO,S1.P3.NCO.7.1.3.3
NCO,S1.P3.NCO.7.1.3.4
NCO,S1.P3.NCO.7.1.3.5
NCO,S1.P3.NCO.7.1.4.1
NCO,S1.P3.NCO.7.1.5.1
NCO,S1.P3.NCO.7.1.5.2
NCO,S1.P3.NCO.7.2.2.1
NCO,S1.P3.NCO.7.2.2.2
NCO,S1.P3.NCO.7.2.3.1
NCO,S1.P3.NCO.7.2.3.2
NCO,S1.P3.NCO.7.2.3.3
NCO,S1.P3.NCO.7.2.3.4
NCO,S1.P3.NCO.7.2.4.1
NCO,S1.P3.NCO.7.2.5.1
NCO,S1.P3.NCO.8.1.1
NCO,S1.P3.NCO.8.1.2
NCO,S1.P3.NCO. 8.1.3
NCO,S1.P3.NCO.8.2.1
NCO,S1.P3.NCO.8.2.2
NCO,S1.P3.NCO.8.2.3
NCO,S1.P3.NCO.8.2.4
NCO,S1.P3.NCO.8.2.5
NCO,S1.P3.NCO.8.2.6
NCO,S1.P3.NCO.8.2.7
NCO,S1.P3.NCO.8.2.8
NCO,S1.P3.NCO.8.2.9
NCO,S1.P3.NCO.8.2.10
NCO,S1.P3.NCO.8.3.1
NCO,S1.P3.NCO.8.3.2
NCO,S1.P3.NCO.8.3.3
NCO,S1.P3.NCO.NEW
OFFICERS APPART.,
OFFICERS APPART.,S1.P1.OA.1.8.1
OFFICERS APPART.,S1.P1.OA.4.1.1
OFFICERS APPART.,S1.P1.OA.4.1.2
OFFICERS APPART.,S1.P1.OA.4.2.1.1
OFFICERS APPART.,S1.P1.OA.4.2.1.2
OFFICERS APPART.,S1.P1.OA.4.2.2.1
OFFICERS APPART.,S1.P1.OA.4.2.2.2
OFFICERS APPART.,S1.P1.OA.4.2.2.3
OFFICERS APPART.,S1.P1.OA.4.2.2.4
OFFICERS APPART.,S1.P1.OA.4.2.2.5
OFFICERS APPART.,S1.P1.OA.4.2.2.6
OFFICERS APPART.,S1.P1.OA.4.2.2.7
OFFICERS APPART.,S1.P1.OA.4.2.3.1
OFFICERS APPART.,S1.P1.OA.4.3.1
OFFICERS APPART.,S1.P1.OA.4.3.2
OFFICERS APPART.,S1.P1.OA.4.3.3
OFFICERS APPART.,S1.P1.OA.4.3.4
OFFICERS APPART.,S1.P1.OA.4.3.5
OFFICERS APPART.,S1.P1.OA.4.3.6
OFFICERS APPART.,S1.P1.OA.4.3.7
OFFICERS APPART.,S1.P1.OA.4.4.1.1
OFFICERS APPART.,S1.P1.OA.4.4.2.1
OFFICERS APPART.,S1.P1.OA.4.4.3.1
OFFICERS APPART.,S1.P1.OA.4.5.8
OFFICERS APPART.,S1.P1.OA.4.6.1
OFFICERS APPART.,S1.P1.OA.4.6.2
OFFICERS APPART.,S1.P1.OA.4.7.1
OFFICERS APPART.,S1.P1.OA.5.1
OFFICERS APPART.,S1.P1.OA.5.2
OFFICERS APPART.,S1.P1.OA.5.4
OFFICERS APPART.,S1.P1.OA.6.1.1
OFFICERS APPART.,S1.P1.OA.6.1.2
OFFICERS APPART.,S1.P1.OA.6.1.3
OFFICERS APPART.,S1.P1.OA.6.1.4
OFFICERS APPART.,S1.P1.OA.6.2.1.1
OFFICERS APPART.,S1.P1.OA.6.2.1.2
OFFICERS APPART.,S1.P1.OA.6.2.2.1
OFFICERS APPART.,S1.P1.OA.6.2.2.2
OFFICERS APPART.,S1.P1.OA.6.2.2.3
OFFICERS APPART.,S1.P1.OA.6.2.3.1
OFFICERS APPART.,S1.P1.OA.6.3.1.1
OFFICERS APPART.,S1.P1.OA.6.3.1.2
OFFICERS APPART.,S1.P1.OA.6.3.1.3
OFFICERS APPART.,S1.P1.OA.6.3.1.4
OFFICERS APPART.,S1.P1.OA.6.3.1.5
OFFICERS APPART.,S1.P1.OA.6.3.1.6
OFFICERS APPART.,S1.P1.OA.6.3.1.7
OFFICERS APPART.,S1.P1.OA.6.3.2.1
OFFICERS APPART.,S1.P1.OA.6.4.1
OFFICERS APPART.,S1.P1.OA.6.4.2
OFFICERS APPART.,S1.P1.OA.6.4.3
OFFICERS APPART.,S1.P1.OA.6.4.4
OFFICERS APPART.,S1.P1.OA.6.4.5
OFFICERS APPART.,S1.P1.OA.6.4.6
OFFICERS APPART.,S1.P1.OA.6.4.7
OFFICERS APPART.,S1.P1.OA.6.5.1
OFFICERS APPART.,S1.P1.OA.6.5.2
OFFICERS APPART.,S1.P1.OA.6.5.3
OFFICERS APPART.,S1.P1.OA.6.5.4
OFFICERS APPART.,S1.P1.OA.6.5.5
OFFICERS APPART.,S1.P1.OA.6.5.7
OFFICERS APPART.,S1.P1.OA.6.5.8
OFFICERS APPART.,S1.P1.OA.6.5.9
OFFICERS APPART.,S1.P1.OA.6.5.10
OFFICERS APPART.,S1.P1.OA.6.5.11
OFFICERS APPART.,S1.P1.OA.6.5.12
OFFICERS APPART.,S1.P1.OA.7.1.2.1.1
OFFICERS APPART.,S1.P1.OA.7.1.2.1.2
OFFICERS APPART.,S1.P1.OA.7.1.2.2.1
OFFICERS APPART.,S1.P1.OA.7.1.2.2.2
OFFICERS APPART.,S1.P1.OA.7.1.2.2.3
OFFICERS APPART.,S1.P1.OA.7.1.2.2.4
OFFICERS APPART.,S1.P1.OA.7.1.2.2.5
OFFICERS APPART.,S1.P1.OA.7.1.2.3.1
OFFICERS APPART.,S1.P1.OA.7.1.3.1
OFFICERS APPART.,S1.P1.OA.7.1.3.2
OFFICERS APPART.,S1.P1.OA.8.1.1
OFFICERS APPART.,S1.P1.OA.8.1.2
OFFICERS APPART.,S1.P1.OA. 8.1.3
OFFICERS APPART.,S1.P1.OA.8.1.4
OFFICERS APPART.,S1.P1.OA.8.2.1
OFFICERS APPART.,S1.P1.OA.8.2.2
OFFICERS APPART.,S1.P1.OA.8.2.3
OFFICERS APPART.,S1.P1.OA.8.2.4
OFFICERS APPART.,S1.P1.OA.8.2.5
OFFICERS APPART.,S1.P1.OA.8.2.6
OFFICERS APPART.,S1.P1.OA.8.2.7
OFFICERS APPART.,S1.P1.OA.8.2.8
OFFICERS APPART.,S1.P1.OA.8.2.9
OFFICERS APPART.,S1.P1.OA.8.2.10
OFFICERS APPART.,S1.P1.OA.8.2.11
OFFICERS APPART.,S1.P1.OA.8.3.1
OFFICERS APPART.,S1.P1.OA.8.3.2
OFFICERS APPART.,S1.P1.OA.8.3.3
OFFICERS APPART.,S1.P1.OA.8.3.4
OFFICERS APPART.,S1.P1.OA.NEW
FRIDAY MOSQUE,
FRIDAY MOSQUE,S1.P6.MOSQ.1.11.1
FRIDAY MOSQUE,S1.P6.MOSQ.4.1.1
FRIDAY MOSQUE,S1.P6.MOSQ.4.2.1.1
FRIDAY MOSQUE,S1.P6.MOSQ.4.2.1.2
FRIDAY MOSQUE,S1.P6.MOSQ.4.2.2.1
FRIDAY MOSQUE,S1.P6.MOSQ.4.2.2.2
FRIDAY MOSQUE,S1.P6.MOSQ.4.2.2.3
FRIDAY MOSQUE,S1.P6.MOSQ.4.2.2.4
FRIDAY MOSQUE,S1.P6.MOSQ.4.2.2.5
FRIDAY MOSQUE,S1.P6.MOSQ.4.2.2.6
FRIDAY MOSQUE,S1.P6.MOSQ.4.2.2.7
FRIDAY MOSQUE,S1.P6.MOSQ.4.2.2.8
FRIDAY MOSQUE,S1.P6.MOSQ.4.2.3.1
FRIDAY MOSQUE,S1.P6.MOSQ.4.2.3.2
FRIDAY MOSQUE,S1.P6.MOSQ.4.3.1.1
FRIDAY MOSQUE,S1.P6.MOSQ.4.3.1.2
FRIDAY MOSQUE,S1.P6.MOSQ.4.3.1.3
FRIDAY MOSQUE,S1.P6.MOSQ.4.4.1.1
FRIDAY MOSQUE,S1.P6.MOSQ.4.4.2.1
FRIDAY MOSQUE,S1.P6.MOSQ. 4.4.2.2
FRIDAY MOSQUE,S1.P6.MOSQ.4.4.2.3
FRIDAY MOSQUE,S1.P6.MOSQ.4.4.3.1
FRIDAY MOSQUE,S1.P6.MOSQ.4.4.3.2
FRIDAY MOSQUE,S1.P6.MOSQ. 4.5.1
FRIDAY MOSQUE,S1.P6.MOSQ. 4.5.2
FRIDAY MOSQUE,S1.P6.MOSQ. 4.5.3
FRIDAY MOSQUE,S1.P6.MOSQ.4.6.1
FRIDAY MOSQUE,S1.P6.MOSQ. 4.6.2
FRIDAY MOSQUE,S1.P6.MOSQ. 4.6.3
FRIDAY MOSQUE,S1.P6.MOSQ.4.7.1
FRIDAY MOSQUE,S1.P6.MOSQ.5.1
FRIDAY MOSQUE,S1.P6.MOSQ.5.2
FRIDAY MOSQUE,S1.P6.MOSQ.5.3
FRIDAY MOSQUE,S1.P6.MOSQ.6.1.1
FRIDAY MOSQUE,S1.P6.MOSQ.6.1.2
FRIDAY MOSQUE,S1.P6.MOSQ.6.1.3
FRIDAY MOSQUE,S1.P6.MOSQ.6.1.4
FRIDAY MOSQUE,S1.P6.MOSQ. 6.2.1.1
FRIDAY MOSQUE,S1.P6.MOSQ.6.3.1.1
FRIDAY MOSQUE,S1.P6.MOSQ.6.3.1.2
FRIDAY MOSQUE,S1.P6.MOSQ.6.3.1.3
FRIDAY MOSQUE,S1.P6.MOSQ.6.3.1.4
FRIDAY MOSQUE,S1.P6.MOSQ.6.3.1.5
FRIDAY MOSQUE,S1.P6.MOSQ.6.3.2.1
FRIDAY MOSQUE,S1.P6.MOSQ.6.3.3.1
FRIDAY MOSQUE,S1.P6.MOSQ.6.3.4.1
FRIDAY MOSQUE,S1.P6.MOSQ.6.3.4.2
FRIDAY MOSQUE,S1.P6.MOSQ.8.1.1
FRIDAY MOSQUE,S1.P6.MOSQ.8.1.2
FRIDAY MOSQUE,S1.P6.MOSQ. 8.1.3
FRIDAY MOSQUE,S1.P6.MOSQ.8.2.1
FRIDAY MOSQUE,S1.P6.MOSQ.8.2.2
FRIDAY MOSQUE,S1.P6.MOSQ.8.2.3
FRIDAY MOSQUE,S1.P6.MOSQ.8.2.4
FRIDAY MOSQUE,S1.P6.MOSQ.8.2.5
FRIDAY MOSQUE,S1.P6.MOSQ.8.3.1
FRIDAY MOSQUE,S1.P6.MOSQ.8.3.2
FRIDAY MOSQUE,S1.P6.MOSQ.8.3.3
PART1 SITE WORK,
PART1 SITE WORK,S1.P1.SW.18.3.4
PART1 SITE WORK,S1.P1.SW.19.1.1.1
PART1 SITE WORK,S1.P1.SW.19.1.1.2
PART1 SITE WORK,S1.P1.SW.19.1.2.1
PART1 SITE WORK,S1.P1.SW.19.1.2.2
PART1 SITE WORK,S1.P1.SW.19.1.2.3
PART1 SITE WORK,S1.P1.SW.19.1.3.1
PART1 SITE WORK,S1.P1.SW.19.1.3.2
PART1 SITE WORK,S1.P1.SW.19.1.3.3
PART1 SITE WORK,S1.P1.SW.19.1.4.1
PART1 SITE WORK,S1.P1.SW.19.1.4.2
PART1 SITE WORK,S1.P1.SW.19.1.4.3
PART1 SITE WORK,S1.P1.SW.19.1.4.4
PART1 SITE WORK,S1.P1.SW.19.1.4.5
PART1 SITE WORK,S1.P1.SW.19.1.4.6
PART1 SITE WORK,S1.P1.SW.19.1.4.7
PART1 SITE WORK,S1.P1.SW.19.1.4.8
PART1 SITE WORK,S1.P1.SW.19.1.4.9
PART1 SITE WORK,S1.P1.SW.19.1.4.10
PART1 SITE WORK,S1.P1.SW.19.1.4.11
PART1 SITE WORK,S1.P1.SW.19.1.4.12
PART1 SITE WORK,S1.P1.SW.19.1.5.1
PART1 SITE WORK,S1.P1.SW.19.1.5.2
PART1 SITE WORK,S1.P1.SW.19.2.1.1
PART1 SITE WORK,S1.P1.SW.19.3.1
PART1 SITE WORK,S1.P1.SW.19.4.1.7.1
PART1 SITE WORK,S1.P1.SW. 19.4.1.7.2
PART1 SITE WORK,S1.P1.SW. 19.4.1.7.3
PART1 SITE WORK,S1.P1.SW.19.4.1.8.4
PART1 SITE WORK,S1.P1.SW.19.4.1.8.5
PART1 SITE WORK,S1.1.SW.19.4.1.10.1
PART1 MOSQ,
PART1 MOSQ,S1.P1.MOSQ.1.10.01
PART1 MOSQ,S1.P1.MOSQ.4.1.1
PART1 MOSQ,S1.P1.MOSQ.4.1.2
PART1 MOSQ,S1.P1.MOSQ.4.2.1.1
PART1 MOSQ,S1.P1.MOSQ.4.2.1.2
PART1 MOSQ,S1.P1.MOSQ.4.2.1.3
PART1 MOSQ,S1.P1.MOSQ.4.2.2.1
PART1 MOSQ,S1.P1.MOSQ.4.2.2.2
PART1 MOSQ,S1.P1.MOSQ.4.2.2.3
PART1 MOSQ,S1.P1.MOSQ.4.2.2.4
PART1 MOSQ,S1.P1.MOSQ.4.2.2.5
PART1 MOSQ,S1.P1.MOSQ.4.2.2.6
PART1 MOSQ,S1.P1.MOSQ.4.2.2.7
PART1 MOSQ,S1.P1.MOSQ.4.2.3.1
PART1 MOSQ,S1.P1.MOSQ.4.3.1.1
PART1 MOSQ,S1.P1.MOSQ.4.3.1.2
PART1 MOSQ,S1.P1.MOSQ.4.3.1.3
PART1 MOSQ,S1.P1.MOSQ.4.3.1.4
PART1 MOSQ,S1.P1.MOSQ.4.3.1.5
PART1 MOSQ,S1.P1.MOSQ.4.4.1.1
PART1 MOSQ,S1.P1.MOSQ.4.4.1.2
PART1 MOSQ,S1.P1.MOSQ.4.4.1.3
PART1 MOSQ,S1.P1.MOSQ.4.4.2.1
PART1 MOSQ,S1.P1.MOSQ. 4.4.2.2
PART1 MOSQ,S1.P1.MOSQ. 4.4.3.1
PART1 MOSQ,S1.P1.MOSQ.4.4.4.1
PART1 MOSQ,S1.P1.MOSQ.4.4.4.2
PART1 MOSQ,S1.P1.MOSQ. 4.5.1
PART1 MOSQ,S1.P1.MOSQ. 4.5.2
PART1 MOSQ,S1.P1.MOSQ. 4.5.3
PART1 MOSQ,S1.P1.MOSQ.4.6.1
PART1 MOSQ,S1.P1.MOSQ. 4.6.2
PART1 MOSQ,S1.P1.MOSQ.4.6.3
PART1 MOSQ,S1.P1.MOSQ.4.7.1
PART1 MOSQ,S1.P1.MOSQ. 5.1
PART1 MOSQ,S1.P1.MOSQ.5.2
PART1 MOSQ,S1.P1.MOSQ.6.1.1
PART1 MOSQ,S1.P1.MOSQ.6.1.2
PART1 MOSQ,S1.P1.MOSQ.6.1.3
PART1 MOSQ,S1.P1.MOSQ.6.2.1.1
PART1 MOSQ,S1.P1.MOSQ.6.2.2.1
PART1 MOSQ,S1.P1.MOSQ.6.3.1.1
PART1 MOSQ,S1.P1.MOSQ.6.3.1.2
PART1 MOSQ,S1.P1.MOSQ.6.3.1.3
PART1 MOSQ,S1.P1.MOSQ.6.3.1.4
PART1 MOSQ,S1.P1.MOSQ.6.3.1.5
PART1 MOSQ,S1.P1.MOSQ.6.3.2.1
PART1 MOSQ,S1.P1.MOSQ.6.3.3.1
PART1 MOSQ,S1.P1.MOSQ.6.3.4.1
PART1 MOSQ,S1.P1.MOSQ.6.3.4.2
PART1 MOSQ,S1.P1.MOSQ.8.1.1
PART1 MOSQ,S1.P1.MOSQ.8.1.2
PART1 MOSQ,S1.P1.MOSQ. 8.1.3
PART1 MOSQ,S1.P1.MOSQ.8.2.1
PART1 MOSQ,S1.P1.MOSQ.8.2.2
PART1 MOSQ,S1.P1.MOSQ.8.2.3
PART1 MOSQ,S1.P1.MOSQ. 8.2.4
PART1 MOSQ,S1.P1.MOSQ.8.3.1
PART1 MOSQ,S1.P1.MOSQ.8.3.2
PART3 MOSQ,
PART3 MOSQ,S1.P3.MOSQ.1.11.1
PART3 MOSQ,S1.P3.MOSQ.4.1.1
PART3 MOSQ,S1.P3.MOSQ.4.1.2
PART3 MOSQ,S1.P3.MOSQ.4.2.1.1
PART3 MOSQ,S1.P3.MOSQ.4.2.1.2
PART3 MOSQ,S1.P3.MOSQ.4.2.2.1
PART3 MOSQ,S1.P3.MOSQ.4.2.2.2
PART3 MOSQ,S1.P3.MOSQ.4.2.2.3
PART3 MOSQ,S1.P3.MOSQ.4.2.2.4
PART3 MOSQ,S1.P3.MOSQ.4.2.2.5
PART3 MOSQ,S1.P3.MOSQ.4.2.2.6
PART3 MOSQ,S1.P3.MOSQ.4.2.2.7
PART3 MOSQ,S1.P3.MOSQ.4.2.3.1
PART3 MOSQ,S1.P3.MOSQ.4.2.3.2
PART3 MOSQ,S1.P3.MOSQ.4.3.1.1
PART3 MOSQ,S1.P3.MOSQ.4.3.1.2
PART3 MOSQ,S1.P3.MOSQ.4.3.1.3
PART3 MOSQ,S1.P3.MOSQ.4.4.1.1
PART3 MOSQ,S1.P3.MOSQ.4.4.2.1
PART3 MOSQ,S1.P3.MOSQ.4.4.2.2
PART3 MOSQ,S1.P3.MOSQ. 4.4.2.3
PART3 MOSQ,S1.P3.MOSQ.4.4.2.4
PART3 MOSQ,S1.P3.MOSQ.4.4.2.N
PART3 MOSQ,S1.P3.MOSQ. 4.5.1
PART3 MOSQ,S1.P3.MOSQ. 4.5.2
PART3 MOSQ,S1.P3.MOSQ. 4.5.3
PART3 MOSQ,S1.P3.MOSQ. 4.5.4
PART3 MOSQ,S1.P3.MOSQ.4.6.1
PART3 MOSQ,S1.P3.MOSQ. 4.6.2
PART3 MOSQ,S1.P3.MOSQ.4.7.1
PART3 MOSQ,S1.P3.MOSQ. 5.1
PART3 MOSQ,S1.P3.MOSQ.5.2
PART3 MOSQ,S1.P3.MOSQ.5.3
PART3 MOSQ,S1.P3.MOSQ.6.1.1
PART3 MOSQ,S1.P3.MOSQ.6.1.2
PART3 MOSQ,S1.P3.MOSQ.6.1.3
PART3 MOSQ,S1.P3.MOSQ.6.1.4
PART3 MOSQ,S1.P3.MOSQ. 6.2.1.1
PART3 MOSQ,S1.P3.MOSQ.6.3.1.1
PART3 MOSQ,S1.P3.MOSQ.6.3.1.2
PART3 MOSQ,S1.P3.MOSQ.6.3.1.3
PART3 MOSQ,S1.P3.MOSQ.6.3.1.4
PART3 MOSQ,S1.P3.MOSQ.6.3.1.5
PART3 MOSQ,S1.P3.MOSQ.6.3.1.6
PART3 MOSQ,S1.P3.MOSQ.6.3.2.1
PART3 MOSQ,S1.P3.MOSQ.6.3.3.1
PART3 MOSQ,S1.P3.MOSQ.6.3.3.2
PART3 MOSQ,S1.P3.MOSQ.8.1.1
PART3 MOSQ,S1.P3.MOSQ.8.1.2
PART3 MOSQ,S1.P3.MOSQ. 8.1.3
PART3 MOSQ,S1.P3.MOSQ.8.2.1
PART3 MOSQ,S1.P3.MOSQ.8.2.2
PART3 MOSQ,S1.P3.MOSQ.8.2.3
PART3 MOSQ,S1.P3.MOSQ.8.2.4
PART3 MOSQ,S1.P3.MOSQ. 8.2.5
PART3 MOSQ,S1.P3.MOSQ.8.2.6
PART3 MOSQ,S1.P3.MOSQ.8.3.1
PART3 MOSQ,S1.P3.MOSQ.8.3.2
PART3 SW,
PART3 SW,S1.P3.SW.19.1.1.1
PART3 SW,S1.P3.SW.19.1.1.2
PART3 SW,S1.P3.SW.19.1.2.1
PART3 SW,S1.P3.SW.19.1.2.2
PART3 SW,S1.P3.SW.19.1.3.1
PART3 SW,S1.P3.SW.19.1.3.2
PART3 SW,S1.P3.SW.19.1.3.3
PART3 SW,S1.P3.SW.19.1.4.1
PART3 SW,S1.P3.SW.19.1.4.2
PART3 SW,S1.P3.SW.19.1.4.3
PART3 SW,S1.P3.SW.19.1.4.4
PART3 SW,S1.P3.SW.19.1.5.1
PART3 SW,S1.P3.SW.19.2.1.1
PART6 SW,
PART6 SW,S1.P6.SW.19.1.1.1
PART6 SW,S1.P6.SW.19.1.1.2
PART6 SW,S1.P6.SW.19.1.2.1
PART6 SW,S1.P6.SW.19.1.3.1
PART6 SW,S1.P6.SW.19.1.3.2
PART6 SW,S1.P6.SW.19.1.3.3
PART6 SW,S1.P6.SW.19.2.1.1
Officer Appartment ,
Officer Appartment ,S1.P1.OA.13
Officer Appartment ,S1.P1.OA.13.1
Officer Appartment ,S1.P1.OA.13.1.1
Officer Appartment ,S1.P1.OA.13.1.1.1
Officer Appartment ,S1.P1.OA.13.1.1.2
Officer Appartment ,S1.P1.OA.13.1.1.3
Officer Appartment ,S1.P1.OA.13.1.1.4
Officer Appartment ,S1.P1.OA.13.1.1.5
Officer Appartment ,S1.P1.OA.13.1.1.6
Officer Appartment ,S1.P1.OA.13.1.1.7
Officer Appartment ,S1.P1.OA.13.1.1.8
Officer Appartment ,S1.P1.OA.13.1.1.9
Officer Appartment ,S1.P1.OA.13.1.1.10
Officer Appartment ,S1.P1.OA.13.1.2
Officer Appartment ,S1.P1.OA.13.1.2.1
Officer Appartment ,S1.P1.OA.13.1.2.2
Officer Appartment ,S1.P1.OA.13.1.2.3 New
Officer Appartment ,S1.P1.OA.13.1.3
Officer Appartment ,S1.P1.OA.13.1.3.1
Officer Appartment ,S1.P1.OA.13.1.3.2
Officer Appartment ,S1.P1.OA.13.1.3.3
Officer Appartment ,S1.P1.OA.13.1.3.4
Officer Appartment ,S1.P1.OA.13.1.3.5
Officer Appartment ,S1.P1.OA.13.1.3.6
Officer Appartment ,S1.P1.OA.13.1.3.7
Officer Appartment ,S1.P1.OA.13.1.3.8
Officer Appartment ,S1.P1.OA.13.1.3.9
Officer Appartment ,S1.P1.OA.13.1.3.10
Officer Appartment ,S1.P1.OA.13.1.3.11
Officer Appartment ,S1.P1.OA.13.1.3.12
Officer Appartment ,S1.P1.OA.13.1.3.13
Officer Appartment ,S1.P1.OA.13.1.3.14
Officer Appartment ,S1.P1.OA.13.1.3.15
Officer Appartment ,S1.P1.OA.13.1.3.16
Officer Appartment ,S1.P1.OA.13.1.3.17
Officer Appartment ,S1.P1.OA.13.1.3.17.1
Officer Appartment ,S1.P1.OA.13.1.3.17.2
Officer Appartment ,S1.P1.OA.13.1.4
Officer Appartment ,S1.P1.OA.13.1.4.1
Officer Appartment ,S1.P1.OA.13.1.4.2
Officer Appartment ,S1.P1.OA.13.1.4.3
Officer Appartment ,S1.P1.OA.13.1.4.4
Officer Appartment ,S1.P1.OA.13.1.4.5
Officer Appartment ,S1.P1.OA.13.1.4.6
Officer Appartment ,S1.P1.OA.13.1.4.7
Officer Appartment ,S1.P1.OA.13.1.4.8
Officer Appartment ,S1.P1.OA.13.1.4.9
Officer Appartment ,S1.P1.OA.13.1.4.10
Officer Appartment ,S1.P1.OA.13.1.4.11
Officer Appartment ,S1.P1.OA.13.1.4.12
Officer Appartment ,S1.P1.OA.13.1.4.13
Officer Appartment ,S1.P1.OA.13.1.4.14
Officer Appartment ,S1.P1.OA.13.1.4.15
Officer Appartment ,S1.P1.OA.13.1.4.16
Officer Appartment ,S1.P1.OA.13.1.4.17
Officer Appartment ,S1.P1.OA.13.1.4.18
Officer Appartment ,S1.P1.OA.13.1.4.19
Officer Appartment ,S1.P1.OA.13.2
Officer Appartment ,S1.P1.OA.13.2.1
Officer Appartment ,S1.P1.OA.13.2.2
Officer Appartment ,S1.P1.OA.13.2.3
Officer Appartment ,S1.P1.OA.13.2.4
Officer Appartment ,S1.P1.OA.13.2.4.1
Officer Appartment ,S1.P1.OA.13.2.4.2
Officer Appartment ,S1.P1.OA.13.2.4.3
Officer Appartment ,S1.P1.OA.13.3
Officer Appartment ,S1.P1.OA.13.3.1
Officer Appartment ,S1.P1.OA.13.3.2
Officer Appartment ,S1.P1.OA.13.3.3
Officer Appartment ,S1.P1.OA.13.3.4
Officer Appartment ,S1.P1.OA.13.3.5
Officer Appartment ,S1.P1.OA.13.4
Officer Appartment ,S1.P1.OA.13.4.1
Officer Appartment ,S1.P1.OA.13.4.2
Officer Appartment ,S1.P1.OA.13.4.3
Officer Appartment ,S1.P1.OA.13.5
Officer Appartment ,S1.P1.OA.13.5.1
Officer Appartment ,S1.P1.OA.13.5.2
Officer Appartment ,S1.P1.OA.13.6
Officer Appartment ,S1.P1.OA.13.6.1
Officer Appartment ,S1.P1.OA.13.6.2
NCO ELECTRICAL,
NCO ELECTRICAL,S1.P3.NCO.13.1
NCO ELECTRICAL,S1.P3.NCO.13.1.1
NCO ELECTRICAL,S1.P3.NCO.13.1.1.1
NCO ELECTRICAL,S1.P3.NCO.13.1.1.2
NCO ELECTRICAL,S1.P3.NCO.13.1.1.3
NCO ELECTRICAL,S1.P3.NCO.13.1.1.4
NCO ELECTRICAL,S1.P3.NCO.13.1.1.5
NCO ELECTRICAL,S1.P3.NCO.13.1.1.6
NCO ELECTRICAL,S1.P3.NCO.13.1.1.7
NCO ELECTRICAL,S1.P3.NCO.13.1.1.8
NCO ELECTRICAL,S1.P3.NCO.13.1.1.9
NCO ELECTRICAL,S1.P3.NCO.13.1.1.10
NCO ELECTRICAL,S1.P3.NCO.13.1.1.11
NCO ELECTRICAL,S1.P3.NCO.13.1.1.12
NCO ELECTRICAL,S1.P3.NCO.13.1.1.13
NCO ELECTRICAL,S1.P3.NCO.13.1.1.14
NCO ELECTRICAL,S1.P3.NCO.13.1.1.15
NCO ELECTRICAL,S1.P3.NCO.13.1.1.16
NCO ELECTRICAL,S1.P3.NCO.13.1.1.17
NCO ELECTRICAL,S1.P3.NCO.13.1.1.18
NCO ELECTRICAL,S1.P3.NCO.13.1.1.19
NCO ELECTRICAL,S1.P3.NCO.13.1.1.20
NCO ELECTRICAL,S1.P3.NCO.13.1.1.21
NCO ELECTRICAL,S1.P3.NCO.13.1.1.22
NCO ELECTRICAL,S1.P3.NCO.13.1.1.23
NCO ELECTRICAL,S1.P3.NCO.13.1.1.24
NCO ELECTRICAL,S1.P3.NCO.13.1.2
NCO ELECTRICAL,S1.P3.NCO.13.1.2.1
NCO ELECTRICAL,S1.P3.NCO.13.1.3
NCO ELECTRICAL,S1.P3.NCO.13.1.3.1
NCO ELECTRICAL,S1.P3.NCO.13.1.3.2
NCO ELECTRICAL,S1.P3.NCO.13.1.4
NCO ELECTRICAL,S1.P3.NCO.13.1.4.1
NCO ELECTRICAL,S1.P3.NCO.13.1.4.2
NCO ELECTRICAL,S1.P3.NCO.13.1.4.3 New
NCO ELECTRICAL,S1.P3.NCO.13.1.5
NCO ELECTRICAL,S1.P3.NCO.13.1.5.1
NCO ELECTRICAL,S1.P3.NCO.13.1.5.2
NCO ELECTRICAL,S1.P3.NCO.13.1.5.3
NCO ELECTRICAL,S1.P3.NCO.13.1.5.4
NCO ELECTRICAL,S1.P3.NCO.13.1.5.5
NCO ELECTRICAL,S1.P3.NCO.13.1.5.6
NCO ELECTRICAL,S1.P3.NCO.13.1.5.7
NCO ELECTRICAL,S1.P3.NCO.13.1.5.8
NCO ELECTRICAL,S1.P3.NCO.13.1.5.9
NCO ELECTRICAL,S1.P3.NCO.13.1.5.10
NCO ELECTRICAL,S1.P3.NCO.13.1.5.11
NCO ELECTRICAL,S1.P3.NCO.13.1.5.12
NCO ELECTRICAL,S1.P3.NCO.13.1.5.13
NCO ELECTRICAL,S1.P3.NCO.13.1.5.14
NCO ELECTRICAL,S1.P3.NCO.13.1.5.15
NCO ELECTRICAL,S1.P3.NCO.13.1.5.16
NCO ELECTRICAL,S1.P3.NCO.13.1.5.17
NCO ELECTRICAL,S1.P3.NCO.13.1.5.18
NCO ELECTRICAL,S1.P3.NCO.13.1.5.19
NCO ELECTRICAL,S1.3.NC.13.1.5.19.1
NCO ELECTRICAL,S1.3.NC.13.1.5.19.2
NCO ELECTRICAL,S1.P3.NCO.13.1.5.20
NCO ELECTRICAL,S1.P3.NCO.13.1.6
NCO ELECTRICAL,S1.P3.NCO.13.1.6.1
NCO ELECTRICAL,S1.P3.NCO.13.1.6.2
NCO ELECTRICAL,S1.P3.NCO.13.1.6.3
NCO ELECTRICAL,S1.P3.NCO.13.1.6.4
NCO ELECTRICAL,S1.P3.NCO.13.1.6.5
NCO ELECTRICAL,S1.P3.NCO.13.1.6.6
NCO ELECTRICAL,S1.P3.NCO.13.1.6.7
NCO ELECTRICAL,S1.P3.NCO.13.1.6.8
NCO ELECTRICAL,S1.P3.NCO.13.1.6.9
NCO ELECTRICAL,S1.P3.NCO.13.1.6.10
NCO ELECTRICAL,S1.P3.NCO.13.1.6.11
NCO ELECTRICAL,S1.P3.NCO.13.1.6.12
NCO ELECTRICAL,S1.P3.NCO.13.1.6.13
NCO ELECTRICAL,S1.P3.NCO.13.1.6.14
NCO ELECTRICAL,S1.P3.NCO.13.1.6.15
NCO ELECTRICAL,S1.P3.NCO.13.1.6.16
NCO ELECTRICAL,S1.P3.NCO.13.1.6.17
NCO ELECTRICAL,S1.P3.NCO.13.1.6.18
NCO ELECTRICAL,S1.P3.NCO.13.1.6.19
NCO ELECTRICAL,S1.P3.NCO.13.1.6.20
NCO ELECTRICAL,S1.P3.NCO.13.2
NCO ELECTRICAL,S1.P3.NCO.13.2.1
NCO ELECTRICAL,S1.P3.NCO.13.2.2
NCO ELECTRICAL,S1.P3.NCO.13.2.3
NCO ELECTRICAL,S1.P3.NCO.13.2.4
NCO ELECTRICAL,S1.P3.NCO.13.2.4.1
NCO ELECTRICAL,S1.P3.NCO.13.2.4.2
NCO ELECTRICAL,S1.P3.NCO.13.2.4.3
NCO ELECTRICAL,S1.P3.NCO.13.2.4.4
NCO ELECTRICAL,S1.P3.NCO.13.3
NCO ELECTRICAL,S1.P3.NCO.13.3.1
NCO ELECTRICAL,S1.P3.NCO.13.3.2
NCO ELECTRICAL,S1.P3.NCO.13.3.3
NCO ELECTRICAL,S1.P3.NCO.13.3.4
NCO ELECTRICAL,S1.P3.NCO.13.3.5
NCO ELECTRICAL,S1.P3.NCO.13.3.6
NCO ELECTRICAL,S1.P3.NCO.13.3.7
NCO ELECTRICAL,S1.P3.NCO.13.4
NCO ELECTRICAL,S1.P3.NCO.13.4.1
NCO ELECTRICAL,S1.P3.NCO.13.4.2
NCO ELECTRICAL,S1.P3.NCO.13.4.3
NCO ELECTRICAL,S1.P3.NCO.13.4.4
NCO ELECTRICAL,S1.P3.NCO.13.5
NCO ELECTRICAL,S1.P3.NCO.13.5.1
NCO ELECTRICAL,S1.P3.NCO.13.5.2
NCO ELECTRICAL,S1.P3.NCO.13.5.3
NCO ELECTRICAL,S1.P3.NCO.13.6
NCO ELECTRICAL,S1.P3.NCO.13.6.1
NCO ELECTRICAL,S1.P3.NCO.13.6.2
SITE WORK ELECTRICAL,
SITE WORK ELECTRICAL,S1.P1.SW.19.4.3
SITE WORK ELECTRICAL,S1.P1.SW.19.4.3.1
SITE WORK ELECTRICAL,S1.P1.SW.19.4.3.1.1
SITE WORK ELECTRICAL,S1.P1.SW.19.4.3.2
SITE WORK ELECTRICAL,S1.P1.SW.19.4.3.2.1
SITE WORK ELECTRICAL,S1.P1.SW.19.4.3.2.2
SITE WORK ELECTRICAL,S1.P1.SW.19.4.3.3
SITE WORK ELECTRICAL,S1.P1.SW.19.4.3.3.1
SITE WORK ELECTRICAL,S1.P1.SW.19.4.3.3.2
SITE WORK ELECTRICAL,S1.P1.SW.19.4.3.3.3
SITE WORK ELECTRICAL,S1.P1.SW.19.4.3.3.4
SITE WORK ELECTRICAL,S1.P1.SW.19.4.3.3.5
SITE WORK ELECTRICAL,S1.1.S.19.4.3.3.5.1
SITE WORK ELECTRICAL,S1.1.S.19.4.3.3.5.2
SITE WORK ELECTRICAL,S1.P1.SW.19.4.3.4
SITE WORK ELECTRICAL,S1.P1.SW.19.4.3.4.1
SITE WORK ELECTRICAL,S1.P1.SW.19.4.3.4.2
SITE WORK ELECTRICAL,S1.P1.SW.19.4.3.4.3
SITE WORK ELECTRICAL,S1.P1.SW.19.4.3.5
SITE WORK ELECTRICAL,S1.P1.SW.19.4.3.5.1
SITE WORK ELECTRICAL,S1.P1.SW.19.4.3.5.2
SITE WORK ELECTRICAL,S1.P1.SW.19.4.3.5.3
SITE WORK ELECTRICAL,S1.1.S.19.4.3.5.3.1
SITE WORK ELECTRICAL,S1.1.S.19.4.3.5.3.2
SITE WORK ELECTRICAL,S1.P1.SW.19.4.3.6
SITE WORK ELECTRICAL,S1.P1.SW.19.4.3.6.1
SITE WORK ELECTRICAL,S1.P1.SW.19.4.3.6.2
SITE WORK ELECTRICAL,S1.P1.SW.19.4.3.6.3
SITE WORK ELECTRICAL,S1.P1.SW.19.4.3.6.4
SITE WORK ELECTRICAL,S1.P1.SW.19.4.3.6.5
SITE WORK ELECTRICAL,S1.P1.SW.21
SITE WORK ELECTRICAL,S1.P1.SW.21.1
SITE WORK ELECTRICAL,S1.P1.SW.21.1.1
SITE WORK ELECTRICAL,S1.P1.SW.21.1.2
SITE WORK ELECTRICAL,S1.P1.SW.21.1.3
SITE WORK ELECTRICAL,S1.P1.SW.21.1.3.1
SITE WORK ELECTRICAL,S1.P1.SW.21.1.3.2
SITE WORK ELECTRICAL,S1.P1.SW.21.1.3.3
SITE WORK ELECTRICAL,S1.P1.SW.21.1.4
SITE WORK ELECTRICAL,S1.P1.SW.21.1.5
SITE WORK ELECTRICAL,S1.P1.SW.21.1.6
SITE WORK ELECTRICAL,S1.P1.SW.21.1.7
SITE WORK ELECTRICAL,S1.P1.SW.21.1.8
SITE WORK ELECTRICAL,S1.P1.SW.21.1.8.1
SITE WORK ELECTRICAL,S1.P1.SW.21.1.8.2
SITE WORK ELECTRICAL,S1.P1.SW.21.1.8.3
SITE WORK ELECTRICAL,S1.P1.SW.21.1.8.4
SITE WORK ELECTRICAL,S1.P1.SW.21.1.8.5
SITE WORK ELECTRICAL,S1.P1.SW.21.1.8.6
SITE WORK ELECTRICAL,S1.P1.SW.21.1.8.7
SITE WORK ELECTRICAL,S1.P1.SW.21.1.8.8
SITE WORK ELECTRICAL,S1.P1.SW.21.1.8.9
SITE WORK ELECTRICAL,S1.P1.SW.21.1.8.10
SITE WORK ELECTRICAL,S1.P1.SW.21.1.8.11
SITE WORK ELECTRICAL,S1.P1.SW.21.1.8.12
SITE WORK ELECTRICAL,S1.P1.SW.21.1.8.13
SITE WORK ELECTRICAL,S1.P1.SW.21.1.9
SITE WORK ELECTRICAL,S1.P1.SW.21.1.9.1
SITE WORK ELECTRICAL,S1.P1.SW.21.1.9.2
SITE WORK ELECTRICAL,S1.P1.SW.21.1.9.3
SITE WORK ELECTRICAL,S1.P1.SW.21.1.9.4
SITE WORK ELECTRICAL,S1.P1.SW.21.1.9.5
SITE WORK ELECTRICAL,S1.P1.SW.21.1.9.6
SITE WORK ELECTRICAL,S1.P1.SW.21.1.9.7
SITE WORK ELECTRICAL,S1.P1.SW.21.1.9.8
SITE WORK ELECTRICAL,S1.P1.SW.21.2
SITE WORK ELECTRICAL,S1.P1.SW.21.2.1
SITE WORK ELECTRICAL,S1.P1.SW.21.2.2
SITE WORK ELECTRICAL,S1.P1.SW.21.2.3
SITE WORK ELECTRICAL,S1.P1.SW.21.2.3.1
SITE WORK ELECTRICAL,S1.P1.SW.21.2.3.2
SITE WORK ELECTRICAL,S1.P1.SW.21.3
SITE WORK ELECTRICAL,S1.P1.SW.21.3.1
SITE WORK ELECTRICAL,S1.P1.SW.21.3.2
SITE WORK ELECTRICAL,S1.P1.SW.21.3.3
SITE WORK ELECTRICAL,S1.P1.SW.21.3.4
SITE WORK ELECTRICAL,S1.P1.SW.21.3.5
SITE WORK ELECTRICAL,S1.P1.SW.21.3.6
SITE WORK ELECTRICAL,S1.P1.SW.21.3.7
SITE WORK ELECTRICAL,S1.P1.SW.21.3.8
SITE WORK ELECTRICAL,S1.P1.SW.21.3.9
SITE WORK ELECTRICAL,S1.P1.SW.21.3.10
SITE WORK ELECTRICAL,S1.P1.SW.21.3.11
SITE WORK ELECTRICAL,S1.P1.SW.21.3.11.1
SITE WORK ELECTRICAL,S1.P1.SW.21.3.11.2
SITE WORK ELECTRICAL,S1.P1.SW.21.3.11.3
SITE WORK ELECTRICAL,S1.P1.SW.21.3.11.4
SITE WORK ELECTRICAL,S1.P1.SW.21.3.12
SITE WORK ELECTRICAL,S1.P1.SW.21.3.12.1
SITE WORK ELECTRICAL,S1.P1.SW.21.3.12.2
SITE WORK ELECTRICAL,S1.P1.SW.21.3.13
SITE WORK ELECTRICAL,S1.P1.SW.21.3.13.1
SITE WORK ELECTRICAL,S1.P1.SW.21.4
SITE WORK ELECTRICAL,S1.P1.SW.21.4.1
SITE WORK ELECTRICAL,S1.P1.SW.21.4.2
SITE WORK ELECTRICAL,S1.P1.SW.21.4.3
SITE WORK ELECTRICAL,S1.P1.SW.21.4.4
SITE WORK ELECTRICAL,S1.P1.SW.21.4.5
SITE WORK ELECTRICAL,S1.P1.SW.21.4.6
SITE WORK ELECTRICAL,S1.P1.SW.21.4.6.1
SITE WORK ELECTRICAL,S1.P1.SW.21.4.6.2
SITE WORK ELECTRICAL,S1.P1.SW.21.4.6.3
SITE WORK ELECTRICAL,S1.P1.SW.21.4.6.4
SITE WORK ELECTRICAL,S1.P1.SW.21.4.6.5
SITE WORK ELECTRICAL,S1.P1.SW.21.4.7
SITE WORK ELECTRICAL,S1.P1.SW.21.4.7.1
SITE WORK ELECTRICAL,S1.P1.SW.21.4.7.2
SITE WORK ELECTRICAL,S1.P1.SW.21.4.7.3
SITE WORK ELECTRICAL,S1.P1.SW.21.4.7.4
SITE WORK ELECTRICAL,S1.P1.SW.21.4.7.5
SITE WORK ELECTRICAL,S1.P1.SW.21.4.8
SITE WORK ELECTRICAL,S1.P1.SW.21.5
SITE WORK ELECTRICAL,S1.P1.SW.21.5.1
SITE WORK ELECTRICAL,S1.P1.SW.21.5.1.1
SITE WORK ELECTRICAL,S1.P1.SW.21.5.1.2
SITE WORK ELECTRICAL,S1.P1.SW.21.5.2
SITE WORK ELECTRICAL,S1.P1.SW.21.5.2.1
SITE WORK ELECTRICAL,S1.P1.SW.21.5.3
SITE WORK ELECTRICAL,S1.P1.SW.21.6
SITE WORK ELECTRICAL,S1.P1.SW.21.6.1
SITE WORK ELECTRICAL,S1.P1.SW.21.6.1.1
SITE WORK ELECTRICAL,S1.P1.SW.21.6.2
SITE WORK ELECTRICAL,S1.P1.SW.21.6.2.1
SITE WORK ELECTRICAL,S1.P1.SW.21.7
SITE WORK ELECTRICAL,S1.P3.SW.21
SITE WORK ELECTRICAL,S1.P3.SW.21.1
SITE WORK ELECTRICAL,S1.P3.SW.21.1.1.1
SITE WORK ELECTRICAL,S1.P3.SW.21.1.4
SITE WORK ELECTRICAL,S1.P3.SW.21.1.4.1
SITE WORK ELECTRICAL,S1.P3.SW.21.1.4.2
SITE WORK ELECTRICAL,S1.P3.SW.21.1.4.3
SITE WORK ELECTRICAL,S1.P3.SW.21.1.4.4
SITE WORK ELECTRICAL,S1.P3.SW.21.1.4.5
SITE WORK ELECTRICAL,S1.P3.SW.21.2.3
SITE WORK ELECTRICAL,S1.P3.SW.21.2.3.1
SITE WORK ELECTRICAL,S1.P3.SW.21.2.3.2
SITE WORK ELECTRICAL,S1.P3.SW.21.3
SITE WORK ELECTRICAL,S1.P3.SW.21.3.1
SITE WORK ELECTRICAL,S1.P3.SW.21.3.2
SITE WORK ELECTRICAL,S1.P3.SW.21.3.3
SITE WORK ELECTRICAL,S1.P3.SW.21.3.4
SITE WORK ELECTRICAL,S1.P3.SW.21.3.5
SITE WORK ELECTRICAL,S1.P3.SW.21.3.6
SITE WORK ELECTRICAL,S1.P3.SW.21.3.7.1
SITE WORK ELECTRICAL,S1.P3.SW.21.3.7.2
SITE WORK ELECTRICAL,S1.P3.SW.21.3.7.3
SITE WORK ELECTRICAL,S1.P3.SW.21.3.8
SITE WORK ELECTRICAL,S1.P3.SW.21.3.8.2
SITE WORK ELECTRICAL,S1.P3.SW.21.3.9
SITE WORK ELECTRICAL,S1.P3.SW.21.3.9.1
SITE WORK ELECTRICAL,S1.P3.SW.21.4
SITE WORK ELECTRICAL,S1.P3.SW.21.4.1
SITE WORK ELECTRICAL,S1.P3.SW.21.4.2
SITE WORK ELECTRICAL,S1.P3.SW.21.4.3
SITE WORK ELECTRICAL,S1.P3.SW.21.4.4
SITE WORK ELECTRICAL,S1.P3.SW.21.4.5
SITE WORK ELECTRICAL,S1.P3.SW.21.4.5.1
SITE WORK ELECTRICAL,S1.P3.SW.21.4.5.2
SITE WORK ELECTRICAL,S1.P3.SW.21.4.5.3
SITE WORK ELECTRICAL,S1.P3.SW.21.4.6
SITE WORK ELECTRICAL,S1.P3.SW.21.4.6.1
SITE WORK ELECTRICAL,S1.P3.SW.21.4.6.2
SITE WORK ELECTRICAL,S1.P3.SW.21.4.6.3
SITE WORK ELECTRICAL,S1.P3.SW.21.5
SITE WORK ELECTRICAL,S1.P3.SW.21.5.1
SITE WORK ELECTRICAL,S1.P3.SW.21.5.1.1
SITE WORK ELECTRICAL,S1.P3.SW.21.5.2
SITE WORK ELECTRICAL,S1.P3.SW.21.5.2.1
SITE WORK ELECTRICAL,S1.P3.SW.21.6
SITE WORK ELECTRICAL,S1.P6.SW.21
SITE WORK ELECTRICAL,S1.P6.SW.21.1
SITE WORK ELECTRICAL,S1.P6.SW.21.1.1
SITE WORK ELECTRICAL,S1.P6.SW.21.1.1.1
SITE WORK ELECTRICAL,S1.P6.SW.21.1.1.2
SITE WORK ELECTRICAL,S1.P6.SW.21.1.2
SITE WORK ELECTRICAL,S1.P6.SW.21.1.3
SITE WORK ELECTRICAL,S1.P6.SW.21.1.4
SITE WORK ELECTRICAL,S1.P6.SW.21.1.4.1
SITE WORK ELECTRICAL,S1.P6.SW.21.1.4.2
SITE WORK ELECTRICAL,S1.P6.SW.21.1.4.3
SITE WORK ELECTRICAL,S1.P6.SW.21.1.4.4
SITE WORK ELECTRICAL,S1.P6.SW.21.1.4.5
SITE WORK ELECTRICAL,S1.P6.SW.21.1.4.6
SITE WORK ELECTRICAL,S1.P6.SW.21.1.4.7
SITE WORK ELECTRICAL,S1.P6.SW.21.1.5
SITE WORK ELECTRICAL,S1.P6.SW.21.1.5.1
SITE WORK ELECTRICAL,S1.P6.SW.21.1.5.2
SITE WORK ELECTRICAL,S1.P6.SW.21.1.5.3
SITE WORK ELECTRICAL,S1.P6.SW.21.1.5.4
SITE WORK ELECTRICAL,S1.P6.SW.21.1.5.5
SITE WORK ELECTRICAL,S1.P6.SW.21.1.5.6
SITE WORK ELECTRICAL,S1.P6.SW.21.2
SITE WORK ELECTRICAL,S1.P6.SW.21.2.1
SITE WORK ELECTRICAL,S1.P6.SW.21.2.2
SITE WORK ELECTRICAL,S1.P6.SW.21.2.3
SITE WORK ELECTRICAL,S1.P6.SW.21.2.3.1
SITE WORK ELECTRICAL,S1.P6.SW.21.3
SITE WORK ELECTRICAL,S1.P6.SW.21.3.1
SITE WORK ELECTRICAL,S1.P6.SW.21.3.1.1
SITE WORK ELECTRICAL,S1.P6.SW.21.3.1.2
SITE WORK ELECTRICAL,S1.P6.SW.21.3.1.3
SITE WORK ELECTRICAL,S1.P6.SW.21.3.2
SITE WORK ELECTRICAL,S1.P6.SW.21.3.2.1
SITE WORK ELECTRICAL,S1.P6.SW.21.3.2.2
SITE WORK ELECTRICAL,S1.P6.SW.21.3.2.3
SITE WORK ELECTRICAL,S1.P6.SW.21.3.3
SITE WORK ELECTRICAL,S1.P6.SW.21.3.3.1
SITE WORK ELECTRICAL,S1.P6.SW.21.3.3.2
SITE WORK ELECTRICAL,S1.P6.SW.21.4
SITE WORK ELECTRICAL,S1.P6.SW.21.4.1
SITE WORK ELECTRICAL,S1.P6.SW.21.4.2
SITE WORK ELECTRICAL,S1.P6.SW.21.4.3
SITE WORK ELECTRICAL,S1.P6.SW.21.4.3.1
SITE WORK ELECTRICAL,S1.P6.SW.21.4.3.2
SITE WORK ELECTRICAL,S1.P6.SW.21.4.4
SITE WORK ELECTRICAL,S1.P6.SW.21.4.4.1
SITE WORK ELECTRICAL,S1.P6.SW.21.4.4.2
SITE WORK ELECTRICAL,S1.P6.SW.21.5
SITE WORK ELECTRICAL,S1.P6.SW.21.5.1
SITE WORK ELECTRICAL,S1.P6.SW.21.5.1.1
SITE WORK ELECTRICAL,S1.P6.SW.21.5.2
SITE WORK ELECTRICAL,S1.P6.SW.21.5.2.1
SITE WORK ELECTRICAL,S1.P6.SW.21.6
SITE WORK ELECTRICAL,S1.P6.SW.21.6.1
SITE WORK ELECTRICAL,S1.P6.SW.21.6.1.1
SITE WORK ELECTRICAL,S1.P6.SW.21.6.2
SITE WORK ELECTRICAL,S1.P6.SW.21.6.2.1
SITE WORK ELECTRICAL,S1.P6.SW.21.7
SITE WORK ELECTRICAL,S1.P9.SW.21
SITE WORK ELECTRICAL,S1.P9.SW.21.1
SITE WORK ELECTRICAL,S1.P9.SW.21.1.1
SITE WORK ELECTRICAL,S1.P9.SW.21.1.2
SITE WORK ELECTRICAL,S1.P9.SW.21.2
SITE WORK ELECTRICAL,S1.P9.SW.21.2.1
SITE WORK ELECTRICAL,S1.P9.SW.21.2.2
SITE WORK ELECTRICAL,S1.P1.MOSQ.13
SITE WORK ELECTRICAL,S1.P1.MOSQ.13.1
SITE WORK ELECTRICAL,S1.P1.MOSQ.13.1.1
SITE WORK ELECTRICAL,S1.P1.MOSQ.13.1.1.1
SITE WORK ELECTRICAL,S1.P1.MOSQ.13.1.1.2
SITE WORK ELECTRICAL,S1.P1.MOSQ.13.1.1.3
SITE WORK ELECTRICAL,S1.P1.MOSQ.13.1.2
SITE WORK ELECTRICAL,S1.P1.MOSQ.13.1.2.1
SITE WORK ELECTRICAL,S1.P1.MOSQ.13.1.2.2
SITE WORK ELECTRICAL,S1.P1.MOSQ.13.1.3
SITE WORK ELECTRICAL,S1.P1.MOSQ.13.1.3.1
SITE WORK ELECTRICAL,S1.P1.MOSQ.13.1.3.2
SITE WORK ELECTRICAL,S1.P1.MOSQ.13.1.3.3
SITE WORK ELECTRICAL,S1.P1.MOSQ.13.1.3.4
SITE WORK ELECTRICAL,S1.P1.MOSQ.13.1.3.5
SITE WORK ELECTRICAL,S1.P1.MOSQ.13.1.3.6
SITE WORK ELECTRICAL,S1.P1.MOSQ.13.1.3.7
SITE WORK ELECTRICAL,S1.P1.MOSQ.13.1.3.8
SITE WORK ELECTRICAL,S1.P1.MOSQ.13.1.3.9
SITE WORK ELECTRICAL,S1.1.MOSQ.13.1.3.10
SITE WORK ELECTRICAL,S1.1.MOSQ.13.1.3.11
SITE WORK ELECTRICAL,S1.1.MOSQ.13.1.3.12
SITE WORK ELECTRICAL,S1.1.MOSQ.13.1.3.13
SITE WORK ELECTRICAL,S1.1.MOSQ.13.1.3.14
SITE WORK ELECTRICAL,S1.1.MOSQ.13.1.3.15
SITE WORK ELECTRICAL,S1.1.MOSQ.13.1.3.16
SITE WORK ELECTRICAL,S1.1.MQ.13.1.3.16.1
SITE WORK ELECTRICAL,S1.1.MQ.13.1.3.16.2
SITE WORK ELECTRICAL,S1.P1.MOSQ.13.1.4
SITE WORK ELECTRICAL,S1.P1.MOSQ.13.1.4.1
SITE WORK ELECTRICAL,S1.P1.MOSQ.13.1.4.2
SITE WORK ELECTRICAL,S1.P1.MOSQ.13.1.4.3
SITE WORK ELECTRICAL,S1.P1.MOSQ.13.1.4.4
SITE WORK ELECTRICAL,S1.P1.MOSQ.13.1.4.5
SITE WORK ELECTRICAL,S1.P1.MOSQ.13.1.4.6
SITE WORK ELECTRICAL,S1.P1.MOSQ.13.1.4.7
SITE WORK ELECTRICAL,S1.P1.MOSQ.13.1.4.8
SITE WORK ELECTRICAL,S1.P1.MOSQ.13.1.4.9
SITE WORK ELECTRICAL,S1.1.MOSQ.13.1.4.10
SITE WORK ELECTRICAL,S1.1.MOSQ.13.1.4.11
SITE WORK ELECTRICAL,S1.1.MOSQ.13.1.4.12
SITE WORK ELECTRICAL,S1.P1.MOSQ.13.2
SITE WORK ELECTRICAL,S1.P1.MOSQ.13.2.1
SITE WORK ELECTRICAL,S1.P1.MOSQ.13.2.2
SITE WORK ELECTRICAL,S1.P1.MOSQ.13.2.3
SITE WORK ELECTRICAL,S1.P1.MOSQ.13.2.4
SITE WORK ELECTRICAL,S1.P1.MOSQ.13.2.4.1
SITE WORK ELECTRICAL,S1.P1.MOSQ.13.2.4.2
SITE WORK ELECTRICAL,S1.P1.MOSQ.13.2.4.3
SITE WORK ELECTRICAL,S1.P1.MOSQ.13.3
SITE WORK ELECTRICAL,S1.P1.MOSQ.13.3.1
SITE WORK ELECTRICAL,S1.P1.MOSQ.13.3.2
SITE WORK ELECTRICAL,S1.P1.MOSQ.13.3.3
SITE WORK ELECTRICAL,S1.P1.MOSQ.13.3.4
SITE WORK ELECTRICAL,S1.P1.MOSQ.13.3.5
SITE WORK ELECTRICAL,S1.P1.MOSQ.13.4
SITE WORK ELECTRICAL,S1.P1.MOSQ.13.4.1
SITE WORK ELECTRICAL,S1.P1.MOSQ.13.4.2
SITE WORK ELECTRICAL,S1.P1.MOSQ.13.4.3
SITE WORK ELECTRICAL,S1.P1.MOSQ.13.4.4
SITE WORK ELECTRICAL,S1.P1.MOSQ.13.4.5
SITE WORK ELECTRICAL,S1.P1.MOSQ.13.4.6
SITE WORK ELECTRICAL,S1.P1.MOSQ.13.5
SITE WORK ELECTRICAL,S1.P1.MOSQ.13.5.1
SITE WORK ELECTRICAL,S1.P1.MOSQ.13.5.2
SITE WORK ELECTRICAL,S1.P1.MOSQ.13.6
SITE WORK ELECTRICAL,S1.P3.MOSQ.13
SITE WORK ELECTRICAL,S1.P3.MOSQ.13.1
SITE WORK ELECTRICAL,S1.P3.MOSQ.13.1.1
SITE WORK ELECTRICAL,S1.P3.MOSQ.13.1.1.1
SITE WORK ELECTRICAL,S1.P3.MOSQ.13.1.1.2
SITE WORK ELECTRICAL,S1.P3.MOSQ.13.1.1.3
SITE WORK ELECTRICAL,S1.P3.MOSQ.13.1.1.4
SITE WORK ELECTRICAL,S1.P3.MOSQ.13.1.2
SITE WORK ELECTRICAL,S1.P3.MOSQ.13.1.2.1
SITE WORK ELECTRICAL,S1.P3.MOSQ.13.1.2.2
SITE WORK ELECTRICAL,S1.P3.MOSQ.13.1.2.3
SITE WORK ELECTRICAL,S1.P3.MOSQ.13.1.3
SITE WORK ELECTRICAL,S1.P3.MOSQ.13.1.3.1
SITE WORK ELECTRICAL,S1.P3.MOSQ.13.1.3.2
SITE WORK ELECTRICAL,S1.P3.MOSQ.13.1.3.3
SITE WORK ELECTRICAL,S1.P3.MOSQ.13.1.3.4
SITE WORK ELECTRICAL,S1.P3.MOSQ.13.1.3.5
SITE WORK ELECTRICAL,S1.P3.MOSQ.13.1.3.6
SITE WORK ELECTRICAL,S1.P3.MOSQ.13.1.3.7
SITE WORK ELECTRICAL,S1.P3.MOSQ.13.1.3.8
SITE WORK ELECTRICAL,S1.P3.MOSQ.13.1.3.9
SITE WORK ELECTRICAL,S1.3.MOSQ.13.1.3.10
SITE WORK ELECTRICAL,S1.3.MOSQ.13.1.3.11
SITE WORK ELECTRICAL,S1.3.MOSQ.13.1.3.12
SITE WORK ELECTRICAL,S1.3.MOSQ.13.1.3.13
SITE WORK ELECTRICAL,S1.3.MOSQ.13.1.3.14
SITE WORK ELECTRICAL,S1.3.MOSQ.13.1.3.15
SITE WORK ELECTRICAL,S1.3.MOSQ.13.1.3.16
SITE WORK ELECTRICAL,S1.3.MQ.13.1.3.16.1
SITE WORK ELECTRICAL,S1.3.MQ.13.1.3.16.2
SITE WORK ELECTRICAL,S1.P3.MOSQ.13.1.4
SITE WORK ELECTRICAL,S1.P3.MOSQ.13.1.4.1
SITE WORK ELECTRICAL,S1.P3.MOSQ.13.1.4.2
SITE WORK ELECTRICAL,S1.P3.MOSQ.13.1.4.3
SITE WORK ELECTRICAL,S1.P3.MOSQ.13.1.4.4
SITE WORK ELECTRICAL,S1.P3.MOSQ.13.1.4.5
SITE WORK ELECTRICAL,S1.P3.MOSQ.13.1.4.6
SITE WORK ELECTRICAL,S1.P3.MOSQ.13.1.4.7
SITE WORK ELECTRICAL,S1.P3.MOSQ.13.1.4.8
SITE WORK ELECTRICAL,S1.P3.MOSQ.13.2
SITE WORK ELECTRICAL,S1.P3.MOSQ.13.2.1
SITE WORK ELECTRICAL,S1.P3.MOSQ.13.2.2
SITE WORK ELECTRICAL,S1.P3.MOSQ.13.2.3
SITE WORK ELECTRICAL,S1.P3.MOSQ.13.2.4
SITE WORK ELECTRICAL,S1.P3.MOSQ.13.2.4.1
SITE WORK ELECTRICAL,S1.P3.MOSQ.13.2.4.2
SITE WORK ELECTRICAL,S1.P3.MOSQ.13.2.4.3
SITE WORK ELECTRICAL,S1.P3.MOSQ.13.3
SITE WORK ELECTRICAL,S1.P3.MOSQ.13.3.1
SITE WORK ELECTRICAL,S1.P3.MOSQ.13.3.2
SITE WORK ELECTRICAL,S1.P3.MOSQ.13.3.3
SITE WORK ELECTRICAL,S1.P3.MOSQ.13.3.4
SITE WORK ELECTRICAL,S1.P3.MOSQ.13.3.5
SITE WORK ELECTRICAL,S1.P3.MOSQ.13.4
SITE WORK ELECTRICAL,S1.P3.MOSQ.13.4.1
SITE WORK ELECTRICAL,S1.P3.MOSQ.13.4.2
SITE WORK ELECTRICAL,S1.P3.MOSQ.13.4.3
SITE WORK ELECTRICAL,S1.P3.MOSQ.13.4.4
SITE WORK ELECTRICAL,S1.P3.MOSQ.13.4.5
SITE WORK ELECTRICAL,S1.P3.MOSQ.13.4.6
SITE WORK ELECTRICAL,S1.P3.MOSQ.13.5
SITE WORK ELECTRICAL,S1.P3.MOSQ.13.5.1
SITE WORK ELECTRICAL,S1.P3.MOSQ.13.5.2
SITE WORK ELECTRICAL,S1.P3.MOSQ.13.6
SITE WORK ELECTRICAL,S1.P6.MOSQ.13.1.1
SITE WORK ELECTRICAL,S1.P6.MOSQ.13.1.1.1
SITE WORK ELECTRICAL,S1.P6.MOSQ.13.1.1.2
SITE WORK ELECTRICAL,S1.P6.MOSQ.13.1.1.3
SITE WORK ELECTRICAL,S1.P6.MOSQ.13.1.1.4
SITE WORK ELECTRICAL,S1.P6.MOSQ.13.1.2
SITE WORK ELECTRICAL,S1.P6.MOSQ.13.1.2.1
SITE WORK ELECTRICAL,S1.P6.MOSQ.13.1.2.2
SITE WORK ELECTRICAL,S1.P6.MOSQ.13.1.2.3
SITE WORK ELECTRICAL,S1.P6.MOSQ.13.1.3
SITE WORK ELECTRICAL,S1.P6.MOSQ.13.1.3.1
SITE WORK ELECTRICAL,S1.P6.MOSQ.13.1.3.2
SITE WORK ELECTRICAL,S1.P6.MOSQ.13.1.3.3
SITE WORK ELECTRICAL,S1.P6.MOSQ.13.1.4
SITE WORK ELECTRICAL,S1.P6.MOSQ.13.1.4.1
SITE WORK ELECTRICAL,S1.P6.MOSQ.13.1.4.2
SITE WORK ELECTRICAL,S1.P6.MOSQ.13.1.4.3
SITE WORK ELECTRICAL,S1.P6.MOSQ.13.1.4.4
SITE WORK ELECTRICAL,S1.P6.MOSQ.13.1.4.5
SITE WORK ELECTRICAL,S1.P6.MOSQ.13.1.4.6
SITE WORK ELECTRICAL,S1.P6.MOSQ.13.1.4.7
SITE WORK ELECTRICAL,S1.P6.MOSQ.13.1.4.8
SITE WORK ELECTRICAL,S1.P6.MOSQ.13.1.4.9
SITE WORK ELECTRICAL,S1.6.MOSQ.13.1.4.10
SITE WORK ELECTRICAL,S1.6.MOSQ.13.1.4.11
SITE WORK ELECTRICAL,S1.6.MOSQ.13.1.4.12
SITE WORK ELECTRICAL,S1.6.MOSQ.13.1.4.13
SITE WORK ELECTRICAL,S1.6.MOSQ.13.1.4.14
SITE WORK ELECTRICAL,S1.6.MQ.13.1.4.14.1
SITE WORK ELECTRICAL,S1.6.MQ.13.1.4.14.2
SITE WORK ELECTRICAL,S1.P6.MOSQ.13.1.5
SITE WORK ELECTRICAL,S1.P6.MOSQ.13.1.5.1
SITE WORK ELECTRICAL,S1.P6.MOSQ.13.1.5.2
SITE WORK ELECTRICAL,S1.P6.MOSQ.13.1.5.3
SITE WORK ELECTRICAL,S1.P6.MOSQ.13.1.5.4
SITE WORK ELECTRICAL,S1.P6.MOSQ.13.1.5.5
SITE WORK ELECTRICAL,S1.P6.MOSQ.13.1.5.6
SITE WORK ELECTRICAL,S1.P6.MOSQ.13.1.5.7
SITE WORK ELECTRICAL,S1.P6.MOSQ.13.1.5.8
SITE WORK ELECTRICAL,S1.P6.MOSQ.13.1.5.9
SITE WORK ELECTRICAL,S1.6.MOSQ.13.1.5.10
SITE WORK ELECTRICAL,S1.6.MOSQ.13.1.5.11
SITE WORK ELECTRICAL,S1.6.MOSQ.13.1.5.12
SITE WORK ELECTRICAL,S1.6.MOSQ.13.1.5.13
SITE WORK ELECTRICAL,S1.6.MOSQ.13.1.5.14
SITE WORK ELECTRICAL,S1.6.MOSQ.13.1.5.15
SITE WORK ELECTRICAL,S1.P6.MOSQ.13.2
SITE WORK ELECTRICAL,S1.P6.MOSQ.13.2.1
SITE WORK ELECTRICAL,S1.P6.MOSQ.13.2.2
SITE WORK ELECTRICAL,S1.P6.MOSQ.13.2.3
SITE WORK ELECTRICAL,S1.P6.MOSQ.13.2.4
SITE WORK ELECTRICAL,S1.P6.MOSQ.13.2.4.1
SITE WORK ELECTRICAL,S1.P6.MOSQ.13.2.4.2
SITE WORK ELECTRICAL,S1.P6.MOSQ.13.2.4.3
SITE WORK ELECTRICAL,S1.P6.MOSQ.13.3
SITE WORK ELECTRICAL,S1.P6.MOSQ.13.3.1
SITE WORK ELECTRICAL,S1.P6.MOSQ.13.3.2
SITE WORK ELECTRICAL,S1.P6.MOSQ.13.3.3
SITE WORK ELECTRICAL,S1.P6.MOSQ.13.3.4
SITE WORK ELECTRICAL,S1.P6.MOSQ.13.3.5
SITE WORK ELECTRICAL,S1.P6.MOSQ.13.3.6
SITE WORK ELECTRICAL,S1.P6.MOSQ.13.4
SITE WORK ELECTRICAL,S1.P6.MOSQ.13.4.1
SITE WORK ELECTRICAL,S1.P6.MOSQ.13.4.2
SITE WORK ELECTRICAL,S1.P6.MOSQ.13.4.3
SITE WORK ELECTRICAL,S1.P6.MOSQ.13.4.4
SITE WORK ELECTRICAL,S1.P6.MOSQ.13.4.5
SITE WORK ELECTRICAL,S1.P6.MOSQ.13.4.6
SITE WORK ELECTRICAL,S1.P6.MOSQ.13.5
SITE WORK ELECTRICAL,S1.P6.MOSQ.13.5.1
SITE WORK ELECTRICAL,S1.P6.MOSQ.13.5.2
SITE WORK ELECTRICAL,S1.P6.MOSQ.13.6
SITE WORK ELECTRICAL,S1.P9.ADD.7.2.21.1.8.11
SITE WORK ELECTRICAL,S1.P9.ADD.7.2.13.1.1.3
SITE WORK ELECTRICAL,S1.P9.ADD.7.2.13.1.6.12
SITE WORK ELECTRICAL,S1.P9.ADD.7.2.13.1.6.15
SITE WORK ELECTRICAL,S1.P9.ADD.7.2.19.4.3.3.5.1
SITE WORK ELECTRICAL,S1.P9.ADD.8.
SITE WORK ELECTRICAL,S1.P9.ADD.8.21.1.4.5
SITE WORK ELECTRICAL,S1.P9.ADD.8.21.1.8.12
SITE WORK ELECTRICAL,S1.P9.ADD.8.13.1.1
SITE WORK ELECTRICAL,S1.P9.ADD.8.21.1.3.2
MECHANICAL,
MECHANICAL,S1.P3.NCO.5.3
MECHANICAL,S1.P3.NCO.9
MECHANICAL,S1.P3.NCO.9.1
MECHANICAL,S1.P3.NCO.9.2
MECHANICAL,S1.P3.NCO.10
MECHANICAL,S1.P3.NCO.10.1
MECHANICAL,S1.P3.NCO.10.1.1
MECHANICAL,S1.P3.NCO.10.1.2
MECHANICAL,S1.P3.NCO.10.1.3
MECHANICAL,S1.P3.NCO.10.1.4
MECHANICAL,S1.P3.NCO.10.1.5
MECHANICAL,S1.P3.NCO.10.1.6
MECHANICAL,S1.P3.NCO.10.1.7
MECHANICAL,S1.P3.NCO.10.1.8
MECHANICAL,S1.P3.NCO.10.2
MECHANICAL,S1.P3.NCO.10.2.1
MECHANICAL,S1.P3.NCO.10.2.1.2
MECHANICAL,S1.P3.NCO.10.2.1.3
MECHANICAL,S1.P3.NCO.10.2.1.4
MECHANICAL,S1.P3.NCO.10.2.1.5
MECHANICAL,S1.P3.NCO.10.2.1.6
MECHANICAL,S1.P3.NCO.10.2.2
MECHANICAL,S1.P3.NCO.10.2.2.2
MECHANICAL,S1.P3.NCO.10.2.2.3
MECHANICAL,S1.P3.NCO.10.2.2.4
MECHANICAL,S1.P3.NCO.10.2.2.5
MECHANICAL,S1.P3.NCO.10.2.3
MECHANICAL,S1.P3.NCO.10.2.3.1
MECHANICAL,S1.P3.NCO.10.2.4
MECHANICAL,S1.P3.NCO.10.2.4.1
MECHANICAL,S1.P3.NCO.10.2.4.2
MECHANICAL,S1.P3.NCO.10.2.5
MECHANICAL,S1.P3.NCO.10.2.5.1
MECHANICAL,S1.P3.NCO.10.2.6
MECHANICAL,S1.P3.NCO.10.2.6.1
MECHANICAL,S1.P3.NCO.10.2.6.2
MECHANICAL,S1.P3.NCO.10.2.6.3
MECHANICAL,S1.P3.NCO.10.2.6.4
MECHANICAL,S1.P3.NCO.10.2.7
MECHANICAL,S1.P3.NCO.10.2.7.1
MECHANICAL,S1.P3.NCO.10.3
MECHANICAL,S1.P3.NCO.10.3.1
MECHANICAL,S1.P3.NCO.10.3.1.1
MECHANICAL,S1.P3.NCO.10.3.1.2
MECHANICAL,S1.P3.NCO.10.3.1.3
MECHANICAL,S1.P3.NCO.10.3.1.4
MECHANICAL,S1.P3.NCO.10.3.1.5
MECHANICAL,S1.P3.NCO.10.3.2
MECHANICAL,S1.P3.NCO.10.3.2.1
MECHANICAL,S1.P3.NCO.10.3.2.2
MECHANICAL,S1.P3.NCO.10.3.3
MECHANICAL,S1.P3.NCO.10.3.3.1
MECHANICAL,S1.P3.NCO.10.3.3.2
MECHANICAL,S1.P3.NCO.10.3.4
MECHANICAL,S1.P3.NCO.10.3.4.1
MECHANICAL,S1.P3.NCO.10.3.4.2
MECHANICAL,S1.P3.NCO.10.3.5
MECHANICAL,S1.P3.NCO.10.3.5.1
MECHANICAL,S1.P3.NCO.10.4
MECHANICAL,S1.P3.NCO.10.4.1
MECHANICAL,S1.P3.NCO.10.4.1.1
MECHANICAL,S1.P3.NCO.10.4.2
MECHANICAL,S1.P3.NCO.10.4.3
MECHANICAL,S1.P3.NCO.10.5
MECHANICAL,S1.P3.NCO.10.5.1
MECHANICAL,S1.P3.NCO.10.5.1.1
MECHANICAL,S1.P3.NCO.10.5.1.2
MECHANICAL,S1.P3.NCO.10.5.2
MECHANICAL,S1.P3.NCO.10.5.2.1
MECHANICAL,S1.P3.NCO.10.5.2.2
MECHANICAL,S1.P3.NCO.10.5.3
MECHANICAL,S1.P3.NCO.10.5.3.1
MECHANICAL,S1.P3.NCO.10.5.3.2
MECHANICAL,S1.P3.NCO.10.5.4
MECHANICAL,S1.P3.NCO.10.5.4.1
MECHANICAL,S1.P3.NCO.10.5.5
MECHANICAL,S1.P3.NCO.10.5.5.1
MECHANICAL,S1.3.NCO.10.5.5.1.1
MECHANICAL,S1.3.NCO.10.5.5.1.2
MECHANICAL,S1.P3.NCO.10.5.5.2
MECHANICAL,S1.P3.NCO.10.5.6
MECHANICAL,S1.P3.NCO.11
MECHANICAL,S1.P3.NCO.11.1
MECHANICAL,S1.P3.NCO.11.1.1
MECHANICAL,S1.P3.NCO.11.2
MECHANICAL,S1.P3.NCO.11.2.1
MECHANICAL,S1.P3.NCO.11.2.2
MECHANICAL,S1.P3.NCO.11.2.3
MECHANICAL,S1.P3.NCO.11.3
MECHANICAL,S1.P3.NCO.12
MECHANICAL,S1.P3.NCO.12.1
MECHANICAL,S1.P3.NCO.12.1.1
MECHANICAL,S1.P3.NCO.12.1.1.1
MECHANICAL,S1.P3.NCO.12.1.1.2
MECHANICAL,S1.P3.NCO.12.1.1.3
MECHANICAL,S1.P3.NCO.12.1.2
MECHANICAL,S1.P3.NCO.12.1.2.1
MECHANICAL,S1.P3.NCO.12.1.2.2
MECHANICAL,S1.P3.NCO.12.1.3
MECHANICAL,S1.P3.NCO.12.1.4
MECHANICAL,S1.P3.NCO.12.1.4.1
MECHANICAL,S1.P3.NCO.12.1.4.2
MECHANICAL,S1.P3.NCO. 12.1.4.3
MECHANICAL,S1.P3.NCO. 12.1.4.4
MECHANICAL,S1.P3.NCO.12.1.4.5
MECHANICAL,S1.P3.NCO.12.2
MECHANICAL,S1.P3.NCO.12.2.1
MECHANICAL,S1.P1.SW.19.4
MECHANICAL,S1.P1.SW.19.4.2
MECHANICAL,S1.P1.SW.19.4.2.1
MECHANICAL,S1.P1.SW.19.4.2.1.1
MECHANICAL,S1.P1.SW.19.4.2.1.2
MECHANICAL,S1.P1.SW.19.4.2.1.3
MECHANICAL,S1.P1.SW.19.4.2.1.4
MECHANICAL,S1.P1.SW.19.4.2.1.5
MECHANICAL,S1.P1.SW.19.4.2.2
MECHANICAL,S1.P1.SW.19.4.2.2.1
MECHANICAL,S1.P1.SW.19.4.2.2.2
MECHANICAL,S1.P1.SW.19.4.2.2.3
MECHANICAL,S1.P1.SW.19.4.2.2.4
MECHANICAL,S1.P1.SW.19.4.2.2.5
MECHANICAL,S1.P1.SW. 19.4.2.2.6
MECHANICAL,S1.P1.SW. 19.4.2.2.7
MECHANICAL,S1.P1.SW.19.4.2.2.8
MECHANICAL,S1.P1.SW. 19.4.2.2.9
MECHANICAL,S1.P1.SW. 19.4.2.2.10
MECHANICAL,S1.P1.SW. 19.4.2.2.11
MECHANICAL,S1.P1.SW. 19.4.2.3
MECHANICAL,S1.P1.SW.19.4.2.4
MECHANICAL,S1.P1.SW.19.4.2.5
MECHANICAL,S1.P1.SW. 19.4.2.6
MECHANICAL,S1.P1.SW.19.4.2.7
MECHANICAL,S1.P1.SW.19.4.2.7.1
MECHANICAL,S1.P1.SW.19.4.2.8
MECHANICAL,S1.P1.SW.19.4.2.8.1
MECHANICAL,S1.P1.SW.20
MECHANICAL,S1.P1.SW.20.1
MECHANICAL,S1.P1.SW.20.1.1
MECHANICAL,S1.P1.SW.20.1.1.1
MECHANICAL,S1.P1.SW.20.1.1.2
MECHANICAL,S1.P1.SW.20.1.1.3
MECHANICAL,S1.P1.SW.20.1.1.4
MECHANICAL,S1.P1.SW.20.1.1.5
MECHANICAL,S1.P1.SW.20.1.1.6
MECHANICAL,S1.P1.SW.20.1.1.7
MECHANICAL,S1.P1.SW.20.1.1.8
MECHANICAL,S1.P1.SW.20.1.1.9
MECHANICAL,S1.P1.SW.20.1.1.10
MECHANICAL,S1.P1.SW.20.1.1.11
MECHANICAL,S1.P1.SW.20.1.1.12
MECHANICAL,S1.P1.SW.20.1.2
MECHANICAL,S1.P1.SW.20.1.2.1
MECHANICAL,S1.P1.SW.20.1.3
MECHANICAL,S1.P1.SW.20.1.3.1
MECHANICAL,S1.P1.SW.20.1.3.2
MECHANICAL,S1.P1.SW.20.1.4
MECHANICAL,S1.P1.SW.20.1.4.1
MECHANICAL,S1.P1.SW.20.1.4.2
MECHANICAL,S1.P1.SW.20.1.4.3
MECHANICAL,S1.P1.SW.20.1.4.4
MECHANICAL,S1.P1.SW.20.1.4.5
MECHANICAL,S1.P1.SW.20.1.4.6
MECHANICAL,S1.P1.SW.20.1.4.7
MECHANICAL,S1.P1.SW.20.1.4.8
MECHANICAL,S1.P1.SW.20.1.4.9
MECHANICAL,S1.P1.SW.20.1.4.10
MECHANICAL,S1.P1.SW.20.1.4.11
MECHANICAL,S1.P1.SW.20.1.4.12
MECHANICAL,S1.P1.SW.20.1.5
MECHANICAL,S1.P1.SW.20.1.5.1
MECHANICAL,S1.P1.SW.20.1.6
MECHANICAL,S1.P1.SW.20.1.6.1
MECHANICAL,S1.P1.SW.20.1.6.2
MECHANICAL,S1.P1.SW.20.1.6.3
MECHANICAL,S1.P1.SW.20.1.6.4
MECHANICAL,S1.P1.SW.20.1.6.5
MECHANICAL,S1.P1.SW.20.1.6.6
MECHANICAL,S1.P1.SW.20.2
MECHANICAL,S1.P1.SW.20.2.1
MECHANICAL,S1.P1.SW.20.2.1.1
MECHANICAL,S1.P1.SW.20.2.1.2
MECHANICAL,S1.P1.SW.20.2.1.3
MECHANICAL,S1.P1.SW.20.2.1.4
MECHANICAL,S1.P1.SW.20.2.1.5
MECHANICAL,S1.P1.SW.20.2.1.6
MECHANICAL,S1.P1.SW.20.2.2
MECHANICAL,S1.P1.SW.20.2.3
MECHANICAL,S1.P1.SW.20.2.3.1
MECHANICAL,S1.P1.SW.20.2.3.2
MECHANICAL,S1.P1.SW.20.2.3.3
MECHANICAL,S1.P1.SW.20.2.4
MECHANICAL,S1.P1.SW.20.3
MECHANICAL,S1.P1.SW.20.3.1
MECHANICAL,S1.P1.SW.20.3.1.1
MECHANICAL,S1.P1.SW.20.3.1.2
MECHANICAL,S1.P1.SW.20.3.1.3
MECHANICAL,S1.P1.SW.20.3.1.4
MECHANICAL,S1.P1.SW.20.3.1.5
MECHANICAL,S1.P1.SW.20.3.1.6
MECHANICAL,S1.P1.SW.20.3.1.7
MECHANICAL,S1.P1.SW.20.3.1.8
MECHANICAL,S1.P1.SW.20.3.1.9
MECHANICAL,S1.P1.SW.20.3.2
MECHANICAL,S1.P1.SW.20.3.2.1
MECHANICAL,S1.P1.SW.20.3.2.2
MECHANICAL,S1.P1.SW.20.3.3
MECHANICAL,S1.P1.SW.20.3.4
MECHANICAL,S1.P1.SW.20.3.4.1
MECHANICAL,S1.P1.SW.20.3.4.2
MECHANICAL,S1.P1.SW.20.3.4.3
MECHANICAL,S1.P1.SW.20.3.4.4
MECHANICAL,S1.P1.SW.20.3.5
MECHANICAL,S1.P1.SW.20.3.5.1
MECHANICAL,S1.P1.SW.20.3.5.2
MECHANICAL,S1.P1.SW.20.3.5.3
MECHANICAL,S1.P1.SW.20.3.5.4
MECHANICAL,S1.P1.SW.20.3.5.5
MECHANICAL,S1.P1.SW.20.3.5.6
MECHANICAL,S1.P1.SW.20.3.6
MECHANICAL,S1.P1.SW.20.3.6.1
MECHANICAL,S1.P1.SW.20.3.7
MECHANICAL,S1.P1.SW.20.3.7.1
MECHANICAL,S1.P1.SW.20.3.7.2
MECHANICAL,S1.P1.SW.20.3.7.3
MECHANICAL,S1.P1.SW.20.3.8
MECHANICAL,S1.P1.SW.20.3.8.1
MECHANICAL,S1.P1.SW.20.3.8.2
MECHANICAL,S1.P1.SW.20.3.8.3
MECHANICAL,S1.P1.SW.20.3.9
MECHANICAL,S1.P1.SW.20.3.9.1
MECHANICAL,S1.P1.SW.20.3.10
MECHANICAL,S1.P1.SW.20.3.10.1
MECHANICAL,S1.P1.SW.20.3.10.2
MECHANICAL,S1.P1.SW.20.3.10.3
MECHANICAL,S1.P1.SW.20.3.10.4
MECHANICAL,S1.P1.OA.10.1
MECHANICAL,S1.P1.OA.10.1.1
MECHANICAL,S1.P1.OA.10.1.2
MECHANICAL,S1.P1.OA.10.1.3
MECHANICAL,S1.P1.OA.10.1.4
MECHANICAL,S1.P1.OA.10.1.5
MECHANICAL,S1.P1.OA.10.1.6
MECHANICAL,S1.P1.OA.10.1.7
MECHANICAL,S1.P1.OA.10.1.8
MECHANICAL,S1.P1.OA.10.2
MECHANICAL,S1.P1.OA.10.2.1
MECHANICAL,S1.P1.OA.10.2.1.1
MECHANICAL,S1.P1.OA.10.2.1.2
MECHANICAL,S1.P1.OA.10.2.1.3
MECHANICAL,S1.P1.OA.10.2.1.4
MECHANICAL,S1.P1.OA.10.2.2
MECHANICAL,S1.P1.OA.10.2.2.1
MECHANICAL,S1.P1.OA.10.2.2.2
MECHANICAL,S1.P1.OA.10.2.2.3
MECHANICAL,S1.P1.OA.10.2.2.4
MECHANICAL,S1.P1.OA.10.2.2.5
MECHANICAL,S1.P1.OA.10.2.2.6
MECHANICAL,S1.P1.OA.10.2.3
MECHANICAL,S1.P1.OA.10.2.3.1
MECHANICAL,S1.P1.OA.10.2.3.2
MECHANICAL,S1.P1.OA.10.2.4
MECHANICAL,S1.P1.OA.10.2.4.1
MECHANICAL,S1.P1.OA.10.2.5
MECHANICAL,S1.P1.OA.10.2.5.1
MECHANICAL,S1.P1.OA.10.2.6
MECHANICAL,S1.P1.OA.10.2.6.1
MECHANICAL,S1.P1.OA.10.2.6.2
MECHANICAL,S1.P1.OA.10.2.6.3
MECHANICAL,S1.P1.OA.10.2.6.4
MECHANICAL,S1.P1.OA.10.2.7
MECHANICAL,S1.P1.OA.10.2.7.1
MECHANICAL,S1.P1.OA.10.3
MECHANICAL,S1.P1.OA.10.3.1
MECHANICAL,S1.P1.OA.10.3.1.1
MECHANICAL,S1.P1.OA.10.3.1.2
MECHANICAL,S1.P1.OA.10.3.1.3
MECHANICAL,S1.P1.OA.10.3.1.4
MECHANICAL,S1.P1.OA.10.3.2
MECHANICAL,S1.P1.OA.10.3.2.1
MECHANICAL,S1.P1.OA.10.3.2.2
MECHANICAL,S1.P1.OA.10.3.3
MECHANICAL,S1.P1.OA.10.3.3.1
MECHANICAL,S1.P1.OA.10.3.3.2
MECHANICAL,S1.P1.OA.10.3.4
MECHANICAL,S1.P1.OA.10.3.4.1
MECHANICAL,S1.P1.OA.10.3.4.2
MECHANICAL,S1.P1.OA.10.3.5
MECHANICAL,S1.P1.OA.10.3.5.1
MECHANICAL,S1.P1.OA.10.4
MECHANICAL,S1.P1.OA.10.4.1
MECHANICAL,S1.P1.OA.10.4.1.1
MECHANICAL,S1.P1.OA.10.4.2
MECHANICAL,S1.P1.OA.10.4.3
MECHANICAL,S1.P1.OA.10.5
MECHANICAL,S1.P1.OA.10.5.1
MECHANICAL,S1.P1.OA.10.5.1.1
MECHANICAL,S1.P1.OA.10.5.1.2
MECHANICAL,S1.P1.OA.10.5.1.3
MECHANICAL,S1.P1.OA.10.5.2
MECHANICAL,S1.P1.OA.10.5.2.1
MECHANICAL,S1.P1.OA.10.5.2.2
MECHANICAL,S1.P1.OA.10.5.3
MECHANICAL,S1.P1.OA.10.5.3.1
MECHANICAL,S1.P1.OA.10.5.3.2
MECHANICAL,S1.P1.OA.10.5.4
MECHANICAL,S1.P1.OA.10.5.4.1
MECHANICAL,S1.P1.OA.10.5.5
MECHANICAL,S1.P1.OA.10.5.5.1
MECHANICAL,S1.P1.OA.10.5.5.1.1
MECHANICAL,S1.P1.OA.10.5.5.2
MECHANICAL,S1.P1.OA.10.5.6
MECHANICAL,S1.P1.OA.11
MECHANICAL,S1.P1.OA.11.1
MECHANICAL,S1.P1.OA.11.1.1
MECHANICAL,S1.P1.OA.11.1.1.1
MECHANICAL,S1.P1.OA.11.1.1.2
MECHANICAL,S1.P1.OA.11.1.2
MECHANICAL,S1.P1.OA.11.1.2.1
MECHANICAL,S1.P1.OA.11.1.2.2
MECHANICAL,S1.P1.OA.11.1.3
MECHANICAL,S1.P1.OA.11.1.3.1
MECHANICAL,S1.P1.OA.11.2
MECHANICAL,S1.P1.OA.11.3
MECHANICAL,S1.P1.OA.12
MECHANICAL,S1.P1.OA.12.1
MECHANICAL,S1.P1.OA.12.1.1
MECHANICAL,S1.P1.OA.12.1.1.1
MECHANICAL,S1.P1.OA.12.1.1.2
MECHANICAL,S1.P1.OA.12.1.1.3
MECHANICAL,S1.P1.OA.12.1.2
MECHANICAL,S1.P1.OA.12.1.3
MECHANICAL,S1.P1.OA.12.1.3.1
MECHANICAL,S1.P1.OA. 12.1.3.2
MECHANICAL,S1.P1.OA.12.1.3.3
MECHANICAL,S1.P1.OA. 12.1.3.4
MECHANICAL,S1.P1.OA.12.1.3.5
MECHANICAL,S1.P1.OA.12.2
MECHANICAL,S1.P1.OA.12.2.1
MECHANICAL,
MECHANICAL,S1.P3.SW.20
MECHANICAL,S1.P3.SW.20.1
MECHANICAL,S1.P3.SW.20.1.1
MECHANICAL,S1.P3.SW.20.1.1.1
MECHANICAL,S1.P3.SW.20.1.1.2
MECHANICAL,S1.P3.SW.20.1.1.3
MECHANICAL,S1.P3.SW.20.1.1.4
MECHANICAL,S1.P3.SW.20.1.1.5
MECHANICAL,S1.P3.SW.20.1.2
MECHANICAL,S1.P3.SW.20.1.2.1
MECHANICAL,S1.P3.SW.20.1.3
MECHANICAL,S1.P3.SW.20.1.3.1
MECHANICAL,S1.P3.SW.20.1.3.2
MECHANICAL,S1.P3.SW.20.1.4
MECHANICAL,S1.P3.SW.20.1.4.1
MECHANICAL,S1.P3.SW.20.1.4.2
MECHANICAL,S1.P3.SW.20.1.4.3
MECHANICAL,S1.P3.SW.20.1.4.4
MECHANICAL,S1.P3.SW.20.1.4.5
MECHANICAL,S1.P3.SW.20.1.5
MECHANICAL,S1.P3.SW.20.1.5.1
MECHANICAL,S1.P3.SW.20.1.6
MECHANICAL,S1.P3.SW.20.1.6.1
MECHANICAL,S1.P3.SW.20.1.6.2
MECHANICAL,S1.P3.SW.20.2
MECHANICAL,S1.P3.SW.20.2.1
MECHANICAL,S1.P3.SW.20.2.1.1
MECHANICAL,S1.P3.SW.20.2.1.2
MECHANICAL,S1.P3.SW.20.2.1.3
MECHANICAL,S1.P3.SW.20.2.1.4
MECHANICAL,S1.P3.SW.20.2.1.5
MECHANICAL,S1.P3.SW.20.2.1.6
MECHANICAL,S1.P3.SW.20.2.2
MECHANICAL,S1.P3.SW.20.2.3
MECHANICAL,S1.P3.SW.20.2.3.1
MECHANICAL,S1.P3.SW.20.2.3.2
MECHANICAL,S1.P3.SW.20.3
MECHANICAL,S1.P3.SW.20.3.1
MECHANICAL,S1.P3.SW.20.3.1.1
MECHANICAL,S1.P3.SW.20.3.1.2
MECHANICAL,S1.P3.SW.20.3.1.3
MECHANICAL,S1.P3.SW.20.3.1.4
MECHANICAL,S1.P3.SW.20.3.1.5
MECHANICAL,S1.P3.SW.20.3.1.6
MECHANICAL,S1.P3.SW.20.3.1.7
MECHANICAL,S1.P3.SW.20.3.1.8
MECHANICAL,S1.P3.SW.20.3.2
MECHANICAL,S1.P3.SW.20.3.2.1
MECHANICAL,S1.P3.SW.20.3.4
MECHANICAL,S1.P3.SW.20.3.4.1
MECHANICAL,S1.P3.SW.20.3.4.2
MECHANICAL,S1.P3.SW.20.3.5
MECHANICAL,S1.P3.SW.20.3.5.1
MECHANICAL,S1.P3.SW.20.3.6
MECHANICAL,S1.P3.SW.20.3.6.1
MECHANICAL,S1.P3.SW.20.3.7
MECHANICAL,S1.P3.SW.20.3.7.1
MECHANICAL,S1.P3.SW.20.3.7.2
MECHANICAL,S1.P3.SW.20.3.8
MECHANICAL,S1.P3.SW.20.3.8.1
MECHANICAL,S1.P3.SW.20.3.8.2
MECHANICAL,S1.P3.SW.20.3.8.3
MECHANICAL,S1.P3.SW.20.3.9
MECHANICAL,S1.P3.SW.20.3.9.1
MECHANICAL,S1.P3.SW.20.3.9.2
MECHANICAL,S1.P3.SW.20.3.10
MECHANICAL,S1.P3.SW.20.3.10.1
MECHANICAL,S1.P6.SW.20.1.1
MECHANICAL,S1.P6.SW.20.1.1.1
MECHANICAL,S1.P6.SW.20.1.1.2
MECHANICAL,S1.P6.SW.20.1.1.3
MECHANICAL,S1.P6.SW.20.1.1.4
MECHANICAL,S1.P6.SW.20.1.1.5
MECHANICAL,S1.P6.SW.20.1.1.6
MECHANICAL,S1.P6.SW.20.1.1.7
MECHANICAL,S1.P6.SW.20.1.1.8
MECHANICAL,S1.P6.SW.20.1.1.9
MECHANICAL,S1.P6.SW.20.1.2
MECHANICAL,S1.P6.SW.20.1.2.1
MECHANICAL,S1.P6.SW.20.1.3
MECHANICAL,S1.P6.SW.20.1.3.1
MECHANICAL,S1.P6.SW.20.1.3.2
MECHANICAL,S1.P6.SW.20.1.3.3
MECHANICAL,S1.P6.SW.20.1.4
MECHANICAL,S1.P6.SW.20.1.4.1
MECHANICAL,S1.P6.SW.20.1.4.2
MECHANICAL,S1.P6.SW.20.1.4.3
MECHANICAL,S1.P6.SW.20.1.4.4
MECHANICAL,S1.P6.SW.20.1.5
MECHANICAL,S1.P6.SW.20.1.5.1
MECHANICAL,S1.P6.SW.20.1.5.2
MECHANICAL,S1.P6.SW.20.1.5.3
MECHANICAL,S1.P6.SW.20.1.5.4
MECHANICAL,S1.P6.SW.20.2
MECHANICAL,S1.P6.SW.20.2.1
MECHANICAL,S1.P6.SW.20.2.1.1
MECHANICAL,S1.P6.SW.20.2.2
MECHANICAL,S1.P6.SW.20.2.2.2
MECHANICAL,S1.P6.SW.20.2.3
MECHANICAL,S1.P6.SW.20.2.3.1
MECHANICAL,S1.P6.SW.20.3
MECHANICAL,S1.P6.SW.20.3.1
MECHANICAL,S1.P6.SW.20.3.1.1
MECHANICAL,S1.P6.SW.20.3.1.2
MECHANICAL,S1.P6.SW.20.3.1.3
MECHANICAL,S1.P6.SW.20.3.1.4
MECHANICAL,S1.P6.SW.20.3.1.5
MECHANICAL,S1.P6.SW.20.3.1.6
MECHANICAL,S1.P6.SW.20.3.1.7
MECHANICAL,S1.P6.SW.20.3.1.8
MECHANICAL,S1.P6.SW.20.3.1.9
MECHANICAL,S1.P6.SW.20.3.2
MECHANICAL,S1.P6.SW.20.3.2.1
MECHANICAL,S1.P6.SW.20.3.2.2
MECHANICAL,S1.P6.SW.20.3.3
MECHANICAL,S1.P6.SW.20.3.4
MECHANICAL,S1.P6.SW.20.3.4.1
MECHANICAL,S1.P6.SW.20.3.4.2
MECHANICAL,S1.P6.SW.20.3.5
MECHANICAL,S1.P6.SW.20.3.5.1
MECHANICAL,S1.P6.SW.20.3.5.2
MECHANICAL,S1.P6.SW.20.3.6
MECHANICAL,S1.P6.SW.20.3.6.1
MECHANICAL,S1.P6.SW.20.3.6.2
MECHANICAL,S1.P6.SW.20.3.6.3
MECHANICAL,S1.P6.SW.20.3.6.4
MECHANICAL,S1.P6.SW.20.3.6.5
MECHANICAL,S1.P6.SW.20.3.6.6
MECHANICAL,S1.P6.SW.20.3.7
MECHANICAL,S1.P6.SW.20.3.7.1
MECHANICAL,S1.P6.SW.20.3.7.2
MECHANICAL,S1.P6.SW.20.3.7.3
MECHANICAL,S1.P6.SW.20.3.8
MECHANICAL,S1.P6.SW.20.3.8.1
MECHANICAL,S1.P6.SW.20.3.8.2
MECHANICAL,S1.P6.SW.20.3.8.3
MECHANICAL,S1.P6.SW.20.3.8.4
MECHANICAL,S1.P6.SW.20.3.9
MECHANICAL,S1.P6.SW.20.3.10
MECHANICAL,S1.P6.SW.20.3.10.1
MECHANICAL,S1.P6.SW.20.3.10.2
MECHANICAL,S1.P6.SW.20.3.10.3
MECHANICAL,S1.P6.SW.20.3.10.4
MECHANICAL,S1.P9.SW.20.1.1
MECHANICAL,S1.P9.SW.20.1.1.1
MECHANICAL,S1.P9.SW.20.1.2
MECHANICAL,S1.P10.SW.20.2.1
MECHANICAL,S1.P10.SW.20.2.1.1
MECHANICAL,S1.P10.SW.20.2.2
MECHANICAL,S1.P10.SW.20.2.3
MECHANICAL,S1.P10.SW.20.2.4
MECHANICAL,S1.P10.SW.20.3
MECHANICAL,S1.P10.SW.20.3.1
MECHANICAL,S1.P10.SW.20.3.1.1
MECHANICAL,S1.P10.SW.20.3.2
MECHANICAL,
MECHANICAL,S1.P1.MOSQ.10.1
MECHANICAL,S1.P1.MOSQ.10.1.1
MECHANICAL,S1.P1.MOSQ.10.1.2
MECHANICAL,S1.P1.MOSQ.10.1.3
MECHANICAL,S1.P1.MOSQ.10.1.4
MECHANICAL,S1.P1.MOSQ.10.1.5
MECHANICAL,S1.P1.MOSQ.10.2
MECHANICAL,S1.P1.MOSQ.10.2.1
MECHANICAL,S1.P1.MOSQ.10.2.1.1
MECHANICAL,S1.P1.MOSQ.10.2.1.2
MECHANICAL,S1.P1.MOSQ.10.2.1.3
MECHANICAL,S1.P1.MOSQ.10.2.1.4
MECHANICAL,S1.P1.MOSQ.10.2.1.5
MECHANICAL,S1.P1.MOSQ.10.2.1.6
MECHANICAL,S1.P1.MOSQ.10.2.2
MECHANICAL,S1.P1.MOSQ.10.2.2.1
MECHANICAL,S1.P1.MOSQ.10.2.2.2
MECHANICAL,S1.P1.MOSQ.10.2.2.3
MECHANICAL,S1.P1.MOSQ.10.2.2.4
MECHANICAL,S1.P1.MOSQ.10.2.3
MECHANICAL,S1.P1.MOSQ.10.2.3.1
MECHANICAL,S1.P1.MOSQ.10.2.4
MECHANICAL,S1.P1.MOSQ.10.2.4.1
MECHANICAL,S1.P1.MOSQ.10.2.4.2
MECHANICAL,S1.P1.MOSQ.10.2.5
MECHANICAL,S1.P1.MOSQ.10.2.5.1
MECHANICAL,S1.P1.MOSQ.10.3
MECHANICAL,S1.P1.MOSQ.10.3.1
MECHANICAL,S1.P1.MOSQ.10.3.1.1
MECHANICAL,S1.P1.MOSQ.10.3.1.2
MECHANICAL,S1.P1.MOSQ.10.3.1.3
MECHANICAL,S1.P1.MOSQ.10.3.2
MECHANICAL,S1.P1.MOSQ.10.3.2.1
MECHANICAL,S1.P1.MOSQ.10.3.3
MECHANICAL,S1.P1.MOSQ.10.3.3.1
MECHANICAL,S1.P1.MOSQ.10.3.4
MECHANICAL,S1.P1.MOSQ.10.3.4.1
MECHANICAL,S1.P1.MOSQ.10.4
MECHANICAL,S1.P1.MOSQ.10.4.1
MECHANICAL,S1.P1.MOSQ.10.4.1.1
MECHANICAL,S1.P1.MOSQ.10.4.2
MECHANICAL,S1.P1.MOSQ.10.4.2.1
MECHANICAL,S1.P1.MOSQ.11
MECHANICAL,S1.P1.MOSQ.11.1
MECHANICAL,S1.P1.MOSQ.11.1.1
MECHANICAL,S1.P1.MOSQ.11.1.2
MECHANICAL,S1.P1.MOSQ.11.1.3
MECHANICAL,S1.P1.MOSQ.11.1.4
MECHANICAL,S1.P1.MOSQ.11.2
MECHANICAL,S1.P1.MOSQ.11.2.1
MECHANICAL,S1.P1.MOSQ.11.3
MECHANICAL,S1.P1.MOSQ.11.3.1
MECHANICAL,S1.P1.MOSQ.11.3.2
MECHANICAL,S1.P1.MOSQ.12
MECHANICAL,S1.P1.MOSQ.12.1
MECHANICAL,S1.P1.MOSQ.12.1.1
MECHANICAL,
MECHANICAL,S1.P3.MOSQ.10.1
MECHANICAL,S1.P3.MOSQ.10.1.1
MECHANICAL,S1.P3.MOSQ.10.1.2
MECHANICAL,S1.P3.MOSQ.10.1.3
MECHANICAL,S1.P3.MOSQ.10.1.4
MECHANICAL,S1.P3.MOSQ.10.2
MECHANICAL,S1.P3.MOSQ.10.2.1
MECHANICAL,S1.P3.MOSQ.10.2.1.1
MECHANICAL,S1.P3.MOSQ.10.2.1.2
MECHANICAL,S1.P3.MOSQ.10.2.1.3
MECHANICAL,S1.P3.MOSQ.10.2.1.4
MECHANICAL,S1.P3.MOSQ.10.2.1.5
MECHANICAL,S1.P3.MOSQ.10.2.1.6
MECHANICAL,S1.P3.MOSQ.10.2.1.7
MECHANICAL,S1.P3.MOSQ.10.2.2
MECHANICAL,S1.P3.MOSQ.10.2.2.1
MECHANICAL,S1.P3.MOSQ.10.2.2.2
MECHANICAL,S1.P3.MOSQ.10.2.2.3
MECHANICAL,S1.P3.MOSQ.10.2.3
MECHANICAL,S1.P3.MOSQ.10.2.3.1
MECHANICAL,S1.P3.MOSQ.10.2.4
MECHANICAL,S1.P3.MOSQ.10.2.4.1
MECHANICAL,S1.P3.MOSQ.10.2.4.2
MECHANICAL,S1.P3.MOSQ.10.2.5
MECHANICAL,S1.P3.MOSQ.10.2.5.1
MECHANICAL,S1.P3.MOSQ.10.3
MECHANICAL,S1.P3.MOSQ.10.3.1
MECHANICAL,S1.P3.MOSQ.10.3.1.1
MECHANICAL,S1.P3.MOSQ.10.3.1.2
MECHANICAL,S1.P3.MOSQ.10.3.1.3
MECHANICAL,S1.P3.MOSQ.10.3.2
MECHANICAL,S1.P3.MOSQ.10.3.2.1
MECHANICAL,S1.P3.MOSQ.10.3.3
MECHANICAL,S1.P3.MOSQ.10.3.3.1
MECHANICAL,S1.P3.MOSQ.10.3.4
MECHANICAL,S1.P3.MOSQ.10.3.4.1
MECHANICAL,S1.P3.MOSQ.10.3.5
MECHANICAL,S1.P3.MOSQ.10.3.5.1
MECHANICAL,S1.P3.MOSQ.10.4
MECHANICAL,S1.P3.MOSQ.10.4.1
MECHANICAL,S1.P3.MOSQ.10.4.1.1
MECHANICAL,S1.P3.MOSQ.10.4.2
MECHANICAL,S1.P3.MOSQ.10.4.2.1
MECHANICAL,S1.P3.MOSQ.11
MECHANICAL,S1.P3.MOSQ.11.1
MECHANICAL,S1.P3.MOSQ.11.1.1
MECHANICAL,S1.P3.MOSQ.11.1.2
MECHANICAL,S1.P3.MOSQ.11.1.3
MECHANICAL,S1.P3.MOSQ.11.1.4
MECHANICAL,S1.P3.MOSQ.11.1.5
MECHANICAL,S1.P3.MOSQ.11.2
MECHANICAL,S1.P3.MOSQ.11.2.1
MECHANICAL,S1.P3.MOSQ.11.3
MECHANICAL,S1.P3.MOSQ.11.3.1
MECHANICAL,S1.P3.MOSQ.11.3.2
MECHANICAL,S1.P3.MOSQ.12
MECHANICAL,S1.P3.MOSQ.12.1
MECHANICAL,S1.P3.MOSQ.12.1.1
MECHANICAL,
MECHANICAL,S1.P6.MOSQ.10.1
MECHANICAL,S1.P6.MOSQ.10.1.1
MECHANICAL,S1.P6.MOSQ.10.1.2
MECHANICAL,S1.P6.MOSQ.10.1.3
MECHANICAL,S1.P6.MOSQ.10.1.4
MECHANICAL,S1.P6.MOSQ.10.2
MECHANICAL,S1.P6.MOSQ.10.2.1
MECHANICAL,S1.P6.MOSQ.10.2.1.1
MECHANICAL,S1.P6.MOSQ.10.2.1.2
MECHANICAL,S1.P6.MOSQ.10.2.1.3
MECHANICAL,S1.P6.MOSQ.10.2.1.4
MECHANICAL,S1.P6.MOSQ.10.2.1.5
MECHANICAL,S1.P6.MOSQ.10.2.1.6
MECHANICAL,S1.P6.MOSQ.10.2.1.7
MECHANICAL,S1.P6.MOSQ.10.2.2
MECHANICAL,S1.P6.MOSQ.10.2.2.1
MECHANICAL,S1.P6.MOSQ.10.2.2.2
MECHANICAL,S1.P6.MOSQ.10.2.2.3
MECHANICAL,S1.P6.MOSQ.10.2.3
MECHANICAL,S1.P6.MOSQ.10.2.3.1
MECHANICAL,S1.P6.MOSQ.10.2.4
MECHANICAL,S1.P6.MOSQ.10.2.4.1
MECHANICAL,S1.P6.MOSQ.10.2.4.2
MECHANICAL,S1.P6.MOSQ.10.2.4.3
MECHANICAL,S1.P6.MOSQ.10.2.5
MECHANICAL,S1.P6.MOSQ.10.2.5.1
MECHANICAL,S1.P6.MOSQ.10.2.5.2
MECHANICAL,S1.P6.MOSQ.10.2.5.3
MECHANICAL,S1.P6.MOSQ.10.2.5.4
MECHANICAL,S1.P6.MOSQ.10.3
MECHANICAL,S1.P6.MOSQ.10.3.1
MECHANICAL,S1.P6.MOSQ.10.3.1.1
MECHANICAL,S1.P6.MOSQ.10.3.1.2
MECHANICAL,S1.P6.MOSQ.10.3.1.3
MECHANICAL,S1.P6.MOSQ.10.3.1.4
MECHANICAL,S1.P6.MOSQ.10.3.2
MECHANICAL,S1.P6.MOSQ.10.3.2.1
MECHANICAL,S1.P6.MOSQ.10.3.2.2
MECHANICAL,S1.P6.MOSQ.10.3.3
MECHANICAL,S1.P6.MOSQ.10.3.3.1
MECHANICAL,S1.P6.MOSQ.10.3.3.2
MECHANICAL,S1.P6.MOSQ.10.3.4
MECHANICAL,S1.P6.MOSQ.10.3.4.1
MECHANICAL,S1.P6.MOSQ.10.4
MECHANICAL,S1.P6.MOSQ.10.4.1
MECHANICAL,S1.P6.MOSQ.10.4.1.1
MECHANICAL,S1.P6.MOSQ.10.4.2
MECHANICAL,S1.P6.MOSQ.10.4.2.1
MECHANICAL,S1.P6.MOSQ.10.4.3
MECHANICAL,S1.P6.MOSQ.10.4.3.1
MECHANICAL,S1.P6.MOSQ.11
MECHANICAL,S1.P6.MOSQ.11.1
MECHANICAL,S1.P6.MOSQ.11.1.1
MECHANICAL,S1.P6.MOSQ.11.1.2
MECHANICAL,S1.P6.MOSQ.11.1.3
MECHANICAL,S1.P6.MOSQ.11.1.4
MECHANICAL,S1.P6.MOSQ.11.2
MECHANICAL,S1.P6.MOSQ.11.2.1
MECHANICAL,S1.P6.MOSQ.11.2.2
MECHANICAL,S1.P6.MOSQ.11.2.3
MECHANICAL,S1.P6.MOSQ.11.2.3.1
MECHANICAL,S1.P6.MOSQ.11.2.4
MECHANICAL,S1.P6.MOSQ.11.2.4.1
MECHANICAL,S1.P6.MOSQ.11.2.5
MECHANICAL,S1.P6.MOSQ.11.2.5.1
MECHANICAL,S1.P6.MOSQ.11.2.5.2
MECHANICAL,S1.P6.MOSQ.11.2.6
MECHANICAL,S1.P6.MOSQ.11.2.6.1
MECHANICAL,S1.P6.MOSQ.11.3
MECHANICAL,S1.P6.MOSQ.11.3.1
MECHANICAL,S1.P6.MOSQ.11.4
MECHANICAL,S1.P6.MOSQ.11.4.1
MECHANICAL,S1.P6.MOSQ.12
MECHANICAL,S1.P6.MOSQ.12.1
MECHANICAL,S1.P6.MOSQ.12.1.1
MECHANICAL,S1.P6.MOSQ.13
MECHANICAL,S1.P6.MOSQ.13.1
MECHANICAL,3NOS GATE HOUSE
MECHANICAL,S1.P1.GH.1.6.1
MECHANICAL,S1.P1.GH.4.1.1
MECHANICAL,S1.P1.GH.4.2.1.1
MECHANICAL,S1.P1.GH.4.2.1.2
MECHANICAL,S1.P1.GH.4.2.2.1
MECHANICAL,S1.P1.GH.4.2.2.2
MECHANICAL,S1.P1.GH.4.3.1
MECHANICAL,S1.P1.GH.4.3.2
MECHANICAL,S1.P1.GH.4.4.1.1
MECHANICAL,S1.P1.GH.4.4.1.2
MECHANICAL,S1.P1.GH.4.5.1
MECHANICAL,S1.P1.GH.5.1
MECHANICAL,S1.P1.GH.6.1.1
MECHANICAL,S1.P1.GH.6.2.1.1
MECHANICAL,S1.P1.GH.6.3.1.1
MECHANICAL,S1.P1.GH.6.3.1.2
MECHANICAL,S1.P1.GH.6.3.1.3
MECHANICAL,S1.P1.GH.6.3.1.4
MECHANICAL,S1.P1.GH.6.3.2.1
MECHANICAL,S1.P1.GH.6.3.2.2
MECHANICAL,S1.P1.GH.8.1.1
MECHANICAL,S1.P1.GH.8.1.2
MECHANICAL,S1.P1.GH. 8.1.3
MECHANICAL,S1.P1.GH.8.2.1
MECHANICAL,S1.P1.GH.8.2.2
MECHANICAL,S1.P1.GH.8.2.3
MECHANICAL,S1.P1.GH.8.3.1
MECHANICAL,S1.P1.GH.8.3.2
MECHANICAL,PUMPHOUSE & U/G IRRIGATION WATER STORAGE  TANK   
MECHANICAL,S1.P1.PH. 1.1.7.1
MECHANICAL,S1.P1.PH. 1.1.7.2
MECHANICAL,S1.P1.PH. 1.1.8.1
MECHANICAL,S1.P1.PH. 1.1.8.2
MECHANICAL,S1.P1.PH.1.3.1
MECHANICAL,S1.P1.PH.4.1.1
MECHANICAL,S1.P1.PH.4.2.1.1
MECHANICAL,S1.P1.PH.4.2.1.2
MECHANICAL,S1.P1.PH.4.2.2.1
MECHANICAL,S1.P1.PH. 4.3.1
MECHANICAL,S1.P1.PH. 4.4.1.1
MECHANICAL,S1.P1.PH.4.5.1
MECHANICAL,S1.P1.PH. 5.1
MECHANICAL,S1.P1.PH.8.1.1
MECHANICAL,S1.P1.PH.8.1.2
MECHANICAL,S1.P1.PH.8.2.1
MECHANICAL,S1.P1.PH.8.3.1
MECHANICAL,COMMUNICATION ROOM         
MECHANICAL,S1.P1.CR.1.7.1
MECHANICAL,S1.P1.CR.1.8.1
MECHANICAL,S1.P1.CR.4.1.1
MECHANICAL,S1.P1.CR.4.2.1.1
MECHANICAL,S1.P1.CR.4.2.1.2
MECHANICAL,S1.P1.CR.4.3.1.1
MECHANICAL,S1.P1.CR.4.4.1
MECHANICAL,S1.P1.CR. 5.1
MECHANICAL,S1.P1.CR.6.1.1
MECHANICAL,S1.P1.CR.8.1.1
MECHANICAL,S1.P1.CR.8.1.2
MECHANICAL,S1.P1.CR.8.2.1
MECHANICAL,SWITCH GEAR ROOM        
MECHANICAL,S1.P1.SGR.1.7.1
MECHANICAL,S1.P1.SGR.1.9.1
MECHANICAL,S1.P1.SGR.4.1.1
MECHANICAL,S1.P1.SGR.4.2.1.1
MECHANICAL,S1.P1.SGR.4.2.1.2
MECHANICAL,S1.P1.SGR.4.2.2.1
MECHANICAL,S1.P1.SGR. 4.3.1
MECHANICAL,S1.P1.SGR. 4.4.1.1
MECHANICAL,S1.P1.SGR. 4.4.1.2
MECHANICAL,S1.P1.SGR.4.5.1
MECHANICAL,S1.P1.SGR. 5.1
MECHANICAL,S1.P1.SGR.6.1.1
MECHANICAL,S1.P1.SGR. 6.2.1.1
MECHANICAL,S1.P1.SGR.6.3.1
MECHANICAL,S1.P1.SGR.8.1.1
MECHANICAL,S1.P1.SGR.8.1.2
MECHANICAL,S1.P1.SGR.8.2.1
MECHANICAL,S1.P1.SGR.8.3.1
MECHANICAL,GENERATOR ROOM         
MECHANICAL,S1.P1.GR.1.9.1
MECHANICAL,S1.P1.GR.1.9.2
MECHANICAL,S1.P1.GR.1.10.1
MECHANICAL,S1.P1.GR.4.1.1
MECHANICAL,S1.P1.GR.4.2.1.1
MECHANICAL,S1.P1.GR.4.2.1.2
MECHANICAL,S1.P1.GR.4.2.2.1
MECHANICAL,S1.P1.GR.4.3.1.1
MECHANICAL,S1.P1.GR.4.3.2.1
MECHANICAL,S1.P1.GR.4.3.3.1
MECHANICAL,S1.P1.GR.4.6.1
MECHANICAL,S1.P1.GR.5.1
MECHANICAL,S1.P1.GR.8.1.1
MECHANICAL,S1.P1.GR.8.1.2
MECHANICAL,S1.P1.GR.8.2.1
MECHANICAL,S1.P1.GR.8.3.1
MECHANICAL,"(4-25) TREATED WATER TRANSFER, PUMPHOUSE & U/G  TANK @ WTP "
MECHANICAL,S1.P9.TWTPH. 1.2.1
MECHANICAL,S1.P9.TWTPH. 1.2.2
MECHANICAL,S1.P9.TWTPH. 1.5.1
MECHANICAL,S1.P9.TWTPH. 1.5.2
MECHANICAL,S1.P9.TWTPH.1.6.1
MECHANICAL,S1.P9.TWTPH.4.1.1
MECHANICAL,S1.P9.TWTPH.4.2.1.1
MECHANICAL,S1.P9.TWTPH.4.2.1.2
MECHANICAL,S1.P9.TWTPH.4.2.2.1
MECHANICAL,S1.P9.TWTPH.4.3.1
MECHANICAL,S1.P9.TWTPH. 4.4.1.1
MECHANICAL,S1.P9.TWTPH.4.5.1
MECHANICAL,S1.P9.TWTPH. 5.1
MECHANICAL,S1.P9.TWTPH.8.1.1
MECHANICAL,S1.P9.TWTPH.8.1.2
MECHANICAL,S1.P9.TWTPH.8.2.1
MECHANICAL,S1.P9.TWTPH.8.3.1
MECHANICAL,LANDSCAPING           
MECHANICAL,S1.P7.LS.1.1
MECHANICAL,S1.P7.LS.1.2
MECHANICAL,S1.P7.LS.1.3
MECHANICAL,S1.P7.LS.2.1
MECHANICAL,S1.P7.LS.2.2
MECHANICAL,S1.P7.LS.2.3
MECHANICAL,S1.P7.LS.4.1
MECHANICAL,PLAYGROUND & SPORTS FACILITIES        
MECHANICAL,S1.P8.PG&SF.1.1
MECHANICAL,S1.P8.PG&SF.1.2.1
MECHANICAL,S1.P8.PG&SF.1.2.2
MECHANICAL,S1.P8.PG&SF.1.3.1
MECHANICAL,S1.P8.PG&SF.1.3.2
MECHANICAL,S1.P8.PG&SF.1.4.1
MECHANICAL,S1.P8.PG&SF.1.4.2
MECHANICAL,S1.P8.PG&SF.2.1.2.1
MECHANICAL,S1.P8.PG&SF.2.1.2.3
MECHANICAL,S1.P8.PG&SF.2.1.2.4
MECHANICAL,S1.P8.PG&SF.2.2.1
MECHANICAL,S1.P8.PG&SF.2.2.2
MECHANICAL,S1.P8.PG&SF.2.2.3
MECHANICAL,S1.P8.PG&SF.2.2.4
MECHANICAL,(3-13) SMALL COMMERCIAL BUILDING        
MECHANICAL,S1.P6.SCB.1.7.1
MECHANICAL,S1.P6.SCB.4.1.1
MECHANICAL,S1.P6.SCB.4.1.2
MECHANICAL,S1.P6.SCB.4.2.1.1
MECHANICAL,S1.P6.SCB.4.2.1.2
MECHANICAL,S1.P6.SCB.4.2.2.1
MECHANICAL,S1.P6.SCB.4.2.2.2
MECHANICAL,S1.P6.SCB. 4.2.3.1
MECHANICAL,S1.P6.SCB. 4.2.3.2
MECHANICAL,S1.P6.SCB. 4.3.1
MECHANICAL,S1.P6.SCB. 4.3.2
MECHANICAL,S1.P6.SCB. 4.3.3
MECHANICAL,S1.P6.SCB. 4.3.4
MECHANICAL,S1.P6.SCB.4.4.1.1
MECHANICAL,S1.P6.SCB.4.4.2.1
MECHANICAL,S1.P6.SCB.4.6.1
MECHANICAL,S1.P6.SCB. 4.6.2
MECHANICAL,S1.P6.SCB.4.7.1
MECHANICAL,S1.P6.SCB. 5.1
MECHANICAL,S1.P6.SCB.6.1.1
MECHANICAL,S1.P6.SCB.6.1.2
MECHANICAL,S1.P6.SCB.6.1.3
MECHANICAL,S1.P6.SCB.6.1.4
MECHANICAL,S1.P6.SCB.6.2.1.1
MECHANICAL,S1.P6.SCB.6.2.1.2
MECHANICAL,S1.P6.SCB.6.2.1.3
MECHANICAL,S1.P6.SCB.6.2.1.4
MECHANICAL,S1.P6.SCB.6.2.2.1
MECHANICAL,S1.P6.SCB.6.2.3.1
MECHANICAL,S1.P6.SCB.6.2.3.2
MECHANICAL,S1.P6.SCB.6.2.3.3
MECHANICAL,S1.P6.SCB.6.2.3.4
MECHANICAL,S1.P6.SCB.6.2.3.5
MECHANICAL,S1.P6.SCB.6.2.3.6
MECHANICAL,S1.P6.SCB.6.2.3.7
MECHANICAL,S1.P6.SCB.6.2.3.8
MECHANICAL,S1.P6.SCB. 6.3.1
MECHANICAL,S1.P6.SCB.6.3.2
MECHANICAL,S1.P6.SCB.6.4.1.1
MECHANICAL,S1.P6.SCB.6.4.1.2
MECHANICAL,S1.P6.SCB.6.4.1.3
MECHANICAL,S1.P6.SCB.6.4.1.4
MECHANICAL,S1.P6.SCB.6.4.1.5
MECHANICAL,S1.P6.SCB.6.4.1.6
MECHANICAL,S1.P6.SCB.6.4.1.7
MECHANICAL,S1.P6.SCB.6.4.1.8
MECHANICAL,S1.P6.SCB.6.4.1.9
MECHANICAL,S1.P6.SCB.6.4.2.1
MECHANICAL,S1.P6.SCB.6.4.2.2
MECHANICAL,S1.P6.SCB.6.4.3.1
MECHANICAL,S1.P6.SCB.6.4.3.2
MECHANICAL,S1.P6.SCB.6.4.4.1
MECHANICAL,S1.P6.SCB.6.4.4.2
MECHANICAL,S1.P6.SCB.8.1.1
MECHANICAL,S1.P6.SCB.8.1.2
MECHANICAL,S1.P6.SCB. 8.1.3
MECHANICAL,S1.P6.SCB.8.2.1
MECHANICAL,S1.P6.SCB.8.2.2
MECHANICAL,S1.P6.SCB.8.2.3
MECHANICAL,S1.P6.SCB.8.2.4
MECHANICAL,S1.P6.SCB.8.2.5
MECHANICAL,S1.P6.SCB.8.2.6
MECHANICAL,S1.P6.SCB.8.2.7
MECHANICAL,S1.P6.SCB. 8.3.1
MECHANICAL,S1.P6.SCB. 8.3.2
MECHANICAL,S1.P6.SCB.8.3.3
MECHANICAL,S1.P6.SCB.8.3.4
MECHANICAL,(3-14) CLINIC BUILDING         
MECHANICAL,S1.P6.CB.1.8.1
MECHANICAL,S1.P6.CB.4.1.1
MECHANICAL,S1.P6.CB.4.1.2
MECHANICAL,S1.P6.CB.4.2.1.1
MECHANICAL,S1.P6.CB.4.2.1.2
MECHANICAL,S1.P6.CB.4.2.1.3
MECHANICAL,S1.P6.CB.4.2.2.1
MECHANICAL,S1.P6.CB.4.2.2.2
MECHANICAL,S1.P6.CB.4.2.2.3
MECHANICAL,S1.P6.CB.4.2.2.4
MECHANICAL,S1.P6.CB. 4.2.3.1
MECHANICAL,S1.P6.CB. 4.2.3.2
MECHANICAL,S1.P6.CB. 4.3.1
MECHANICAL,S1.P6.CB. 4.3.2
MECHANICAL,S1.P6.CB. 4.3.3
MECHANICAL,S1.P6.CB.4.4.1.1
MECHANICAL,S1.P6.CB.4.4.2.1
MECHANICAL,S1.P6.CB. 4.4.2.2
MECHANICAL,S1.P6.CB. 4.6.1
MECHANICAL,S1.P6.CB.4.7.1
MECHANICAL,S1.P6.CB. 5.1
MECHANICAL,S1.P6.CB.6.1.1
MECHANICAL,S1.P6.CB.6.1.2
MECHANICAL,S1.P6.CB.6.1.3
MECHANICAL,S1.P6.CB.6.2.1.1
MECHANICAL,S1.P6.CB.6.2.1.2
MECHANICAL,S1.P6.CB.6.2.1.3
MECHANICAL,S1.P6.CB.6.2.2.1
MECHANICAL,S1.P6.CB.6.2.3.1
MECHANICAL,S1.P6.CB.6.3.1.1
MECHANICAL,S1.P6.CB.6.3.1.2
MECHANICAL,S1.P6.CB.6.3.1.3
MECHANICAL,S1.P6.CB.6.3.1.4
MECHANICAL,S1.P6.CB.6.3.1.5
MECHANICAL,S1.P6.CB.6.3.1.6
MECHANICAL,S1.P6.CB.6.3.2.1
MECHANICAL,S1.P6.CB.6.3.3.1
MECHANICAL,S1.P6.CB.6.4.1
MECHANICAL,S1.P6.CB.8.1.1
MECHANICAL,S1.P6.CB.8.1.2
MECHANICAL,S1.P6.CB. 8.1.3
MECHANICAL,S1.P6.CB. 8.1.4
MECHANICAL,S1.P6.CB. 8.2.1
MECHANICAL,S1.P6.CB.8.2.2
MECHANICAL,S1.P6.CB.8.2.3
MECHANICAL,S1.P6.CB.8.2.4
MECHANICAL,S1.P6.CB.8.2.5
MECHANICAL,S1.P6.CB.8.2.6
MECHANICAL,S1.P6.CB. 8.3.1
MECHANICAL,S1.P6.CB. 8.3.2
MECHANICAL,S1.P6.CB. 8.3.3
MECHANICAL,S1.P6.CB.8.3.4
MECHANICAL,S1.P6.CB.8.3.5
MECHANICAL,BlDGs. As LS
MECHANICAL,CPS3B
MECHANICAL,CPS2B
MECHANICAL,CPS12B
MECHANICAL,CPS9B
MECHANICAL,CPS7B
MECHANICAL,ADDATIONAL
MECHANICAL,S1P1SW
MECHANICAL,S1P3SW
MECHANICAL,S1P6SW
MECHANICAL,S1P9SW
MECHANICAL,S1P1MOSQ
MECHANICAL,S1P3MOSQ
MECHANICAL,S1P6MOSQ
MECHANICAL,S1P1OA
MECHANICAL,S1P3NCO
MECHANICAL,S1P1GR
MECHANICAL,S1P1SGR
MECHANICAL,S1P1CR
MECHANICAL,S1P1PH
MECHANICAL,S1P1GH
MECHANICAL,SIP6SCB
MECHANICAL,S1P6CB
MECHANICAL,SIP8PGSF
MECHANICAL,S1P9TWTPH
MECHANICAL,S1P11CON
MECHANICAL,S1GR
MECHANICAL,ELECTRICAL
MECHANICAL,S1.P1.GH.13
MECHANICAL,S1.P1.GH.13.1
MECHANICAL,S1.P1.GH.13.1.1
MECHANICAL,S1.P1.GH.13.1.1.1
MECHANICAL,S1.P1.GH.13.1.2
MECHANICAL,S1.P1.GH.13.1.2.1
MECHANICAL,S1.P1.GH.13.1.2.2
MECHANICAL,S1.P1.GH.13.1.2.3
MECHANICAL,S1.P1.GH.13.1.2.4
MECHANICAL,S1.P1.GH.13.1.2.5
MECHANICAL,S1.P1.GH.13.1.2.6
MECHANICAL,S1.P1.GH.13.1.2.7
MECHANICAL,S1.P1.GH.13.1.2.8
MECHANICAL,S1.P1.GH.13.1.2.8.1
MECHANICAL,S1.P1.GH.13.1.2.8.2
MECHANICAL,S1.P1.GH.13.1.3
MECHANICAL,S1.P1.GH.13.1.3.1
MECHANICAL,S1.P1.GH.13.1.3.2
MECHANICAL,S1.P1.GH.13.1.3.3
MECHANICAL,S1.P1.GH.13.1.3.4
MECHANICAL,S1.P1.GH.13.1.3.5
MECHANICAL,S1.P1.GH.13.2
MECHANICAL,S1.P1.GH.13.2.1
MECHANICAL,S1.P1.GH.13.2.2
MECHANICAL,S1.P1.GH.13.2.2.1
MECHANICAL,S1.P1.GH.13.3
MECHANICAL,S1.P1.GH.13.3.1
MECHANICAL,S1.P1.GH.13.4
MECHANICAL,S1.P1.GH.13.4.1
MECHANICAL,S1.P1.GH.13.4.2
MECHANICAL,S1.P1.GH.13.5
MECHANICAL,S1.P1.GH.13.5.1
MECHANICAL,S1.P1.GH.13.6
MECHANICAL,S1.P1.GH.13.6.1
MECHANICAL,S1.P1.GH.13.6.2
MECHANICAL,S1.P1.GH.13.6.3
MECHANICAL,S1.P1.GH.13.7
MECHANICAL,S1.P1.GH.13.7.1
MECHANICAL,S1.P1.GH.13.7.2
MECHANICAL,S1.P1.PH.13
MECHANICAL,S1.P1.PH.13.1
MECHANICAL,S1.P1.PH.13.1.1
MECHANICAL,S1.P1.PH.13.1.1.1
MECHANICAL,S1.P1.PH.13.1.2
MECHANICAL,S1.P1.PH.13.1.2.1
MECHANICAL,S1.P1.PH.13.1.3
MECHANICAL,S1.P1.PH.13.1.3.1
MECHANICAL,S1.P1.PH.13.1.3.2
MECHANICAL,S1.P1.PH.13.1.3.3
MECHANICAL,S1.P1.PH.13.1.3.4
MECHANICAL,S1.P1.PH.13.1.4
MECHANICAL,S1.P1.PH.13.1.4.1
MECHANICAL,S1.P1.PH.13.1.4.2
MECHANICAL,S1.P1.PH.13.1.4.3
MECHANICAL,S1.P1.PH.13.2
MECHANICAL,S1.P1.PH.13.2.1
MECHANICAL,S1.P1.PH.13.2.2
MECHANICAL,S1.P1.PH.13.2.3
MECHANICAL,S1.P1.PH.13.2.3.1
MECHANICAL,S1.P1.PH.13.2.3.2
MECHANICAL,S1.P1.PH.13.3
MECHANICAL,S1.P1.PH.13.3.1
MECHANICAL,S1.P1.PH.13.3.2
MECHANICAL,S1.P1.PH.13.3.3
MECHANICAL,S1.P1.PH.13.3.4
MECHANICAL,S1.P1.PH.13.3.5
MECHANICAL,S1.P1.CR.13
MECHANICAL,S1.P1.CR.13.1
MECHANICAL,S1.P1.CR.13.1.1
MECHANICAL,S1.P1.CR.13.1.1.1
MECHANICAL,S1.P1.CR.13.1.1.2
MECHANICAL,S1.P1.CR.13.1.2
MECHANICAL,S1.P1.CR.13.1.2.1
MECHANICAL,S1.P1.CR.13.1.3
MECHANICAL,S1.P1.CR.13.1.3.1
MECHANICAL,S1.P1.CR.13.1.3.2
MECHANICAL,S1.P1.CR.13.1.3.3
MECHANICAL,S1.P1.CR.13.1.3.4
MECHANICAL,S1.P1.CR.13.1.3.5
MECHANICAL,S1.P1.CR.13.1.3.6
MECHANICAL,S1.P1.CR.13.1.3.7
MECHANICAL,S1.P1.CR.13.1.4
MECHANICAL,S1.P1.CR.13.1.4.1
MECHANICAL,S1.P1.CR.13.1.4.2
MECHANICAL,S1.P1.CR.13.1.4.3
MECHANICAL,S1.P1.CR.13.2
MECHANICAL,S1.P1.CR.13.2.1
MECHANICAL,S1.P1.CR.13.2.2
MECHANICAL,S1.P1.CR.13.2.3
MECHANICAL,S1.P1.CR.13.2.4
MECHANICAL,S1.P1.CR.13.2.5
MECHANICAL,S1.P1.CR.13.2.5.1
MECHANICAL,S1.P1.CR.13.2.5.2
MECHANICAL,S1.P1.CR.13.2.5.3
MECHANICAL,S1.P1.CR.13.3
MECHANICAL,S1.P1.CR.13.3.1
MECHANICAL,S1.P1.CR.13.3.2
MECHANICAL,S1.P1.CR.13.3.3
MECHANICAL,S1.P1.CR.13.3.4
MECHANICAL,S1.P1.CR.13.3.5
MECHANICAL,S1.P1.CR.13.3.6
MECHANICAL,S1.P1.CR.13.4
MECHANICAL,S1.P1.CR.13.4.1
MECHANICAL,S1.P1.CR.13.4.2
MECHANICAL,S1.P1.CR.13.4.3
MECHANICAL,S1.P1.CR.13.4.4
MECHANICAL,S1.P1.CR.13.4.5
MECHANICAL,S1.P1.CR.13.5
MECHANICAL,S1.P1.CR.13.5.1
MECHANICAL,S1.P1.CR.13.6
MECHANICAL,S1.P1.CR.13.6.1
MECHANICAL,S1.P1.CR.13.6.2
MECHANICAL,S1.P1.CR.13.7
MECHANICAL,S1.P1.CR.13.7.1
MECHANICAL,S1.P1.CR.13.7.2
MECHANICAL,S1.P1.SGR.13
MECHANICAL,S1.P1.SGR.13.1
MECHANICAL,S1.P1.SGR.13.1.1
MECHANICAL,S1.P1.SGR.13.1.2
MECHANICAL,S1.P1.SGR.13.1.2.1
MECHANICAL,S1.P1.SGR.13.1.3
MECHANICAL,S1.P1.SGR.13.1.3.1
MECHANICAL,S1.P1.SGR.13.1.4
MECHANICAL,S1.P1.SGR.13.1.4.1
MECHANICAL,S1.P1.SGR.13.1.4.2
MECHANICAL,S1.P1.SGR.13.1.4.3
MECHANICAL,S1.P1.SGR.13.1.4.4
MECHANICAL,S1.P1.SGR.13.1.4.5
MECHANICAL,S1.P1.SGR.13.1.4.6
MECHANICAL,S1.P1.SGR.13.1.4.7
MECHANICAL,S1.P1.SGR.13.1.4.8
MECHANICAL,S1.P1.SGR.13.1.4.9
MECHANICAL,S1.P1.SGR.13.1.4.10
MECHANICAL,S1.P1.SGR.13.1.4.11
MECHANICAL,S1.P1.SGR.13.1.5
MECHANICAL,S1.P1.SGR.13.1.5.1
MECHANICAL,S1.P1.SGR.13.1.5.2
MECHANICAL,S1.P1.SGR.13.1.5.3
MECHANICAL,S1.P1.SGR.13.1.5.4
MECHANICAL,S1.P1.SGR.13.2
MECHANICAL,S1.P1.SGR.13.2.1
MECHANICAL,S1.P1.SGR.13.2.2
MECHANICAL,S1.P1.SGR.13.2.3
MECHANICAL,S1.P1.SGR.13.2.4
MECHANICAL,S1.P1.SGR.13.2.5
MECHANICAL,S1.P1.SGR.13.2.5.1
MECHANICAL,S1.P1.SGR.13.2.5.2
MECHANICAL,S1.P1.SGR.13.3
MECHANICAL,S1.P1.SGR.13.3.1
MECHANICAL,S1.P1.SGR.13.3.2
MECHANICAL,S1.P1.SGR.13.4
MECHANICAL,S1.P1.SGR.13.4.1
MECHANICAL,S1.P1.SGR.13.4.2
MECHANICAL,S1.P1.SGR.13.4.3
MECHANICAL,S1.P1.SGR.13.4.4
MECHANICAL,S1.P1.SGR.13.4.5
MECHANICAL,S1.P1.SGR.13.4.6
MECHANICAL,S1.P1.SGR.13.5
MECHANICAL,S1.P1.SGR.13.5.1
MECHANICAL,S1.P1.SGR.13.6
MECHANICAL,S1.P1.SGR.13.6.1
MECHANICAL,S1.P1.SGR.13.6.2
MECHANICAL,S1.P1.SGR.13.7
MECHANICAL,S1.P1.SGR.13.7.1
MECHANICAL,S1.P1.SGR.13.7.2
MECHANICAL,S1.P1.SGR.13.7.3
MECHANICAL,S1.P1.GR.13
MECHANICAL,S1.P1.GR.13.1
MECHANICAL,S1.P1.GR.13.1.1
MECHANICAL,S1.P1.GR.13.1.2
MECHANICAL,S1.P1.GR.13.1.3
MECHANICAL,S1.P1.GR.13.1.3.1
MECHANICAL,S1.P1.GR.13.1.3.2
MECHANICAL,S1.P1.GR.13.1.4
MECHANICAL,S1.P1.GR.13.1.4.1
MECHANICAL,S1.P1.GR.13.1.4.2
MECHANICAL,S1.P1.GR.13.1.5
MECHANICAL,S1.P1.GR.13.1.5.1
MECHANICAL,S1.P1.GR.13.1.5.2
MECHANICAL,S1.P1.GR.13.1.5.3
MECHANICAL,S1.P1.GR.13.1.5.4
MECHANICAL,S1.P1.GR.13.1.5.5
MECHANICAL,S1.P1.GR.13.1.6
MECHANICAL,S1.P1.GR.13.1.6.1
MECHANICAL,S1.P1.GR.13.1.6.2
MECHANICAL,S1.P1.GR.13.1.6.3
MECHANICAL,S1.P1.GR.13.2
MECHANICAL,S1.P1.GR.13.2.1
MECHANICAL,S1.P1.GR.13.2.2
MECHANICAL,S1.P1.GR.13.2.3
MECHANICAL,S1.P1.GR.13.2.4
MECHANICAL,S1.P1.GR.13.2.4.1
MECHANICAL,S1.P1.GR.13.2.4.2
MECHANICAL,S1.P1.GR.13.2.4.3
MECHANICAL,S1.P1.GR.13.3
MECHANICAL,S1.P1.GR.13.3.1
MECHANICAL,S1.P1.GR.13.3.2
MECHANICAL,S1.P1.GR.13.4
MECHANICAL,S1.P1.GR.13.4.1
MECHANICAL,S1.P1.GR.13.4.2
MECHANICAL,S1.P1.GR.13.4.3
MECHANICAL,S1.P1.GR.13.4.4
MECHANICAL,S1.P6.SCB.13
MECHANICAL,S1.P6.SCB.13.1
MECHANICAL,S1.P6.SCB.13.1.1
MECHANICAL,S1.P6.SCB.13.1.1.1
MECHANICAL,S1.P6.SCB.13.1.1.2
MECHANICAL,S1.P6.SCB.13.1.1.3
MECHANICAL,S1.P6.SCB.13.1.1.4
MECHANICAL,S1.P6.SCB.13.1.1.5
MECHANICAL,S1.P6.SCB.13.1.2
MECHANICAL,S1.P6.SCB.13.1.2.1
MECHANICAL,S1.P6.SCB.13.1.2.2
MECHANICAL,S1.P6.SCB.13.1.2.3
MECHANICAL,S1.P6.SCB.13.1.3
MECHANICAL,S1.P6.SCB.13.1.3.1
MECHANICAL,S1.P6.SCB.13.1.3.2
MECHANICAL,S1.P6.SCB.13.1.3.3
MECHANICAL,S1.P6.SCB.13.1.3.4
MECHANICAL,S1.P6.SCB.13.1.3.5
MECHANICAL,S1.P6.SCB.13.1.3.6
MECHANICAL,S1.P6.SCB.13.1.3.7
MECHANICAL,S1.P6.SCB.13.1.3.8
MECHANICAL,S1.P6.SCB.13.1.3.9
MECHANICAL,S1.P6.SCB.13.1.3.10
MECHANICAL,S1.P6.SCB.13.1.3.11
MECHANICAL,S1.P6.SCB.13.1.3.12
MECHANICAL,S1.P6.SCB.13.1.3.13
MECHANICAL,S1.P6.SCB.13.1.3.14
MECHANICAL,S1.P6.SCB.13.1.3.15
MECHANICAL,S1.P6.SCB.13.1.3.16
MECHANICAL,S1.P6.SCB.13.1.3.17
MECHANICAL,S1.P6.SCB.13.1.3.18
MECHANICAL,S1.6.SC.13.1.3.18.1
MECHANICAL,S1.6.SC.13.1.3.18.2
MECHANICAL,S1.6.SC.13.1.3.18.3
MECHANICAL,S1.P6.SCB.13.1.4
MECHANICAL,S1.P6.SCB.13.1.4.1
MECHANICAL,S1.P6.SCB.13.1.4.2
MECHANICAL,S1.P6.SCB.13.1.4.3
MECHANICAL,S1.P6.SCB.13.1.4.4
MECHANICAL,S1.P6.SCB.13.1.4.5
MECHANICAL,S1.P6.SCB.13.1.4.6
MECHANICAL,S1.P6.SCB.13.1.4.7
MECHANICAL,S1.P6.SCB.13.1.4.8
MECHANICAL,S1.P6.SCB.13.1.4.9
MECHANICAL,S1.P6.SCB.13.1.4.10
MECHANICAL,S1.P6.SCB.13.1.4.11
MECHANICAL,S1.P6.SCB.13.1.4.12
MECHANICAL,S1.P6.SCB.13.1.4.13
MECHANICAL,S1.P6.SCB.13.1.4.14
MECHANICAL,S1.P6.SCB.13.1.4.15
MECHANICAL,S1.P6.SCB.13.1.4.16
MECHANICAL,S1.P6.SCB.13.1.4.17
MECHANICAL,S1.P6.SCB.13.1.4.18
MECHANICAL,S1.P6.SCB.13.1.4.19
MECHANICAL,S1.P6.SCB.13.1.4.20
MECHANICAL,S1.P6.SCB.13.1.4.21
MECHANICAL,S1.P6.SCB.13.1.4.22
MECHANICAL,S1.P6.SCB.13.1.4.23
MECHANICAL,S1.P6.SCB.13.1.4.24
MECHANICAL,S1.P6.SCB.13.2
MECHANICAL,S1.P6.SCB.13.2.1
MECHANICAL,S1.P6.SCB.13.2.2
MECHANICAL,S1.P6.SCB.13.2.3
MECHANICAL,S1.P6.SCB.13.2.4
MECHANICAL,S1.P6.SCB.13.2.4.1
MECHANICAL,S1.P6.SCB.13.2.4.2
MECHANICAL,S1.P6.SCB.13.2.4.3
MECHANICAL,S1.P6.SCB.13.3
MECHANICAL,S1.P6.SCB.13.3.1
MECHANICAL,S1.P6.SCB.13.3.2
MECHANICAL,S1.P6.SCB.13.3.3
MECHANICAL,S1.P6.SCB.13.3.4
MECHANICAL,S1.P6.SCB.13.3.5
MECHANICAL,S1.P6.SCB.13.4
MECHANICAL,S1.P6.SCB.13.4.1
MECHANICAL,S1.P6.SCB.13.4.2
MECHANICAL,S1.P6.SCB.13.4.3
MECHANICAL,S1.P6.CB.13
MECHANICAL,S1.P6.CB.13.1
MECHANICAL,S1.P6.CB.13.1.1
MECHANICAL,S1.P6.CB.13.1.1.1
MECHANICAL,S1.P6.CB.13.1.1.2
MECHANICAL,S1.P6.CB.13.1.1.3
MECHANICAL,S1.P6.CB.13.1.2
MECHANICAL,S1.P6.CB.13.1.2.1
MECHANICAL,S1.P6.CB.13.1.2.2
MECHANICAL,S1.P6.CB.13.1.3
MECHANICAL,S1.P6.CB.13.1.3.1
MECHANICAL,S1.P6.CB.13.1.3.2
MECHANICAL,S1.P6.CB.13.1.4
MECHANICAL,S1.P6.CB.13.1.4.1
MECHANICAL,S1.P6.CB.13.1.4.2
MECHANICAL,S1.P6.CB.13.1.4.3
MECHANICAL,S1.P6.CB.13.1.4.4
MECHANICAL,S1.P6.CB.13.1.4.5
MECHANICAL,S1.P6.CB.13.1.4.6
MECHANICAL,S1.P6.CB.13.1.4.7
MECHANICAL,S1.P6.CB.13.1.4.8
MECHANICAL,S1.P6.CB.13.1.4.9
MECHANICAL,S1.P6.CB.13.1.4.10
MECHANICAL,S1.P6.CB.13.1.4.11
MECHANICAL,S1.P6.CB.13.1.4.12
MECHANICAL,S1.P6.CB.13.1.4.13
MECHANICAL,S1.P6.CB.13.1.4.14
MECHANICAL,S1.P6.CB.13.1.4.15
MECHANICAL,S1.P6.CB.13.1.4.16
MECHANICAL,S1.P6.CB.13.1.4.17
MECHANICAL,S1.P6.CB.13.1.4.18
MECHANICAL,S1.P6.CB.13.1.4.19
MECHANICAL,S1.6.CB.13.1.4.19.1
MECHANICAL,S1.6.CB.13.1.4.19.2
MECHANICAL,S1.P6.CB.13.1.5
MECHANICAL,S1.P6.CB.13.1.5.1
MECHANICAL,S1.P6.CB.13.1.5.2
MECHANICAL,S1.P6.CB.13.1.5.3
MECHANICAL,S1.P6.CB.13.1.5.4
MECHANICAL,S1.P6.CB.13.1.5.5
MECHANICAL,S1.P6.CB.13.1.5.6
MECHANICAL,S1.P6.CB.13.1.5.7
MECHANICAL,S1.P6.CB.13.1.5.8
MECHANICAL,S1.P6.CB.13.1.5.9
MECHANICAL,S1.P6.CB.13.1.5.10
MECHANICAL,S1.P6.CB.13.1.5.11
MECHANICAL,S1.P6.CB.13.1.5.12
MECHANICAL,S1.P6.CB.13.1.5.13
MECHANICAL,S1.P6.CB.13.1.5.14
MECHANICAL,S1.P6.CB.13.1.5.15
MECHANICAL,S1.P6.CB.13.1.5.16
MECHANICAL,S1.P6.CB.13.1.5.17
MECHANICAL,S1.P6.CB.13.1.5.18
MECHANICAL,S1.P6.CB.13.1.5.19
MECHANICAL,S1.P6.CB.13.1.5.20
MECHANICAL,S1.P6.CB.13.1.5.21
MECHANICAL,S1.P6.CB.13.1.5.22
MECHANICAL,S1.P6.CB.13.1.5.23
MECHANICAL,S1.P6.CB.13.1.5.24
MECHANICAL,S1.P6.CB.13.2
MECHANICAL,S1.P6.CB.13.2.1
MECHANICAL,S1.P6.CB.13.2.2
MECHANICAL,S1.P6.CB.13.2.3
MECHANICAL,S1.P6.CB.13.2.4
MECHANICAL,S1.P6.CB.13.2.4.1
MECHANICAL,S1.P6.CB.13.2.4.2
MECHANICAL,S1.P6.CB.13.3
MECHANICAL,S1.P6.CB.13.3.1
MECHANICAL,S1.P6.CB.13.3.2
MECHANICAL,S1.P6.CB.13.3.3
MECHANICAL,S1.P6.CB.13.3.4
MECHANICAL,S1.P6.CB.13.3.5
MECHANICAL,S1.P6.CB.13.4
MECHANICAL,S1.P6.CB.13.4.1
MECHANICAL,S1.P6.CB.13.4.2
MECHANICAL,S1.P6.CB.13.4.3
MECHANICAL,S1.P6.CB.13.5
MECHANICAL,S1.P6.CB.13.5.1
MECHANICAL,S1.P6.CB.13.5.2
MECHANICAL,S1.P6.CB.13.5.3
MECHANICAL,S1.P6.CB.13.5.4
MECHANICAL,S1.P6.CB.13.6
MECHANICAL,S1.P6.CB.13.6.1
MECHANICAL,S1.P6.CB.13.6.2
MECHANICAL,S1.P8.PG&SF.3
MECHANICAL,S1.P8.PG&SF.3.1
MECHANICAL,S1.P8.PG&SF.21.1.1
MECHANICAL,S1.P8.PG&SF.21.1.2
MECHANICAL,S1.8.PG&SF.21.1.2.1
MECHANICAL,S1.P8.PG&SF.21.1.3
MECHANICAL,S1.8.PG&SF.21.1.3.1
MECHANICAL,S1.P8.PG&SF.21.2
MECHANICAL,S1.P8.PG&SF.21.2.1
MECHANICAL,S1.8.PG&SF.21.2.1.1
MECHANICAL,S1.P8.PG&SF.21.2.2
MECHANICAL,S1.8.PG&SF.21.2.2.1
MECHANICAL,S1.P8.PG&SF.21.3
MECHANICAL,S1.P9.TWTPH.13
MECHANICAL,S1.P9.TWTPH.13.1
MECHANICAL,S1.P9.TWTPH.13.1.1
MECHANICAL,S1.9.TWTPH.13.1.1.1
MECHANICAL,S1.P9.TWTPH.13.1.2
MECHANICAL,S1.9.TWTPH.13.1.2.1
MECHANICAL,S1.P9.TWTPH.13.1.3
MECHANICAL,S1.9.TWTPH.13.1.3.1
MECHANICAL,S1.9.TWTPH.13.1.3.2
MECHANICAL,S1.9.TWTPH.13.1.3.3
MECHANICAL,S1.9.TWTPH.13.1.3.4
MECHANICAL,S1.P9.TWTPH.13.1.4
MECHANICAL,S1.9.TWTPH.13.1.4.1
MECHANICAL,S1.9.TWTPH.13.1.4.2
MECHANICAL,S1.9.TWTPH.13.1.4.3
MECHANICAL,S1.P9.TWTPH.13.2
MECHANICAL,S1.P9.TWTPH.13.2.1
MECHANICAL,S1.P9.TWTPH.13.2.2
MECHANICAL,S1.P9.TWTPH.13.2.3
MECHANICAL,S1.9.TWTPH.13.2.3.1
MECHANICAL,S1.9.TWTPH.13.2.3.2
MECHANICAL,S1.P9.TWTPH.13.3
MECHANICAL,S1.P9.TWTPH.13.3.1
MECHANICAL,S1.P9.TWTPH.13.3.2
MECHANICAL,S1.P9.TWTPH.13.3.3
MECHANICAL,S1.P9.TWTPH.13.3.4
MECHANICAL,S1.P11.CON.1
MECHANICAL,S1.P11.CON.1.1
MECHANICAL,S1.P11.CON.21.1.1
MECHANICAL,S1.P11.CON.21.1.2
MECHANICAL,S1.P11.CON.21.1.3
MECHANICAL,S1.P11.CON.21.1.4
MECHANICAL,S1.P11.CON.21.1.5
MECHANICAL,S1.P11.CON.21.1.5.1
MECHANICAL,S1.P11.CON.21.1.6
MECHANICAL,S1.P11.CON.21.1.6.1
MECHANICAL,S1.P11.CON.21.1.6.2
MECHANICAL,S1.P11.CON.21.2
MECHANICAL,S1.P11.CON.21.2.1
MECHANICAL,S1.P11.CON.21.2.2
MECHANICAL,S1.P11.CON.21.2.3
MECHANICAL,S1.P3.NCO.9.2.1
MECHANICAL,S1.P3.NCO.9.2.2
MECHANICAL,S1.P3.NCO.9.1.1
MECHANICAL,S1.P1.SW. 19.4.2.3.1
MECHANICAL,S1.P1.SW.19.4.2.5.1
MECHANICAL,S1.P1.SW.19.4.2.6.1
MECHANICAL,S1.P1.OA.11.2.1
MECHANICAL,S1.P1.OA.11.2.2
MECHANICAL,S1.P1.OA.11.2.3
MECHANICAL,S1.P3.NCO.11.1.1.1
MECHANICAL,S1.P3.NCO.11.1.1.2
MECHANICAL,S1.P3.NCO.11.1.1.3
MECHANICAL,S1.P3.SW.21.1.2
MECHANICAL,S1.P3.SW.21.1.3
MECHANICAL,S1.P3.SW.21.1.5
MECHANICAL,S1.P3.SW.21.1.5.1
MECHANICAL,S1.P3.SW.21.1.5.2
MECHANICAL,S1.P3.SW.21.1.5.3
MECHANICAL,S1.P3.SW.21.1.5.4
MECHANICAL,S1.P3.SW.21.2
MECHANICAL,S1.P3.SW.21.2.1
MECHANICAL,S1.P3.SW.21.2.2
MECHANICAL,S1.P3.SW.21.3.8.1
MECHANICAL,
MECHANICAL,S1.P1.PH. 10
MECHANICAL,S1.P1.PH. 10.1
MECHANICAL,S1.P1.PH. 10.1.1
MECHANICAL,S1.P1.PH.10.1.1.1
MECHANICAL,S1.P1.PH.10.1.1.2
MECHANICAL,S1.P1.PH.10.1.2
MECHANICAL,S1.P1.PH.10.1.2.1
MECHANICAL,S1.P1.PH.10.1.2.2
MECHANICAL,S1.P1.PH.10.1.2.3
MECHANICAL,S1.P1.PH. 10.1.2.4
MECHANICAL,S1.P1.PH. 10.1.2.5
MECHANICAL,S1.P1.PH.10.1.2.6
MECHANICAL,S1.P1.PH. 10.1.2.7
MECHANICAL,S1.P1.PH.10.1.2.8
MECHANICAL,S1.P1.PH. 10.1.3
MECHANICAL,S1.P1.PH. 10.1.3.1
MECHANICAL,S1.P1.PH.10.1.4
MECHANICAL,S1.P1.PH.10.1.4.1
MECHANICAL,S1.P1.PH.10.2
MECHANICAL,S1.P1.PH.10.2.1
MECHANICAL,S1.P1.PH. 10.2.2
MECHANICAL,S1.P1.PH.11
MECHANICAL,S1.P1.PH.11.1
MECHANICAL,S1.P1.PH.11.1.1
MECHANICAL,S1.P1.PH. 12
MECHANICAL,S1.P1.PH.12.1
MECHANICAL,S1.P1.PH.12.1.1
MECHANICAL,
MECHANICAL,S1.P6.CB.10
MECHANICAL,S1.P6.CB.10.1
MECHANICAL,S1.P6.CB.10.1.1
MECHANICAL,S1.P6.CB.10.1.2
MECHANICAL,S1.P6.CB.10.1.3
MECHANICAL,S1.P6.CB.10.1.4
MECHANICAL,S1.P6.CB.10.1.5
MECHANICAL,S1.P6.CB.10.1.6
MECHANICAL,S1.P6.CB.10.2
MECHANICAL,S1.P6.CB.10.2.1
MECHANICAL,S1.P6.CB.10.2.1.1
MECHANICAL,S1.P6.CB.10.2.1.2
MECHANICAL,S1.P6.CB.10.2.1.3
MECHANICAL,S1.P6.CB.10.2.1.4
MECHANICAL,S1.P6.CB.10.2.1.5
MECHANICAL,S1.P6.CB.10.2.1.6
MECHANICAL,S1.P6.CB.10.2.1.7
MECHANICAL,S1.P6.CB.10.2.1.8
MECHANICAL,S1.P6.CB.10.2.2
MECHANICAL,S1.P6.CB.10.2.2.1
MECHANICAL,S1.P6.CB.10.2.2.2
MECHANICAL,S1.P6.CB.10.2.2.3
MECHANICAL,S1.P6.CB.10.2.2.4
MECHANICAL,S1.P6.CB.10.2.2.5
MECHANICAL,S1.P6.CB.10.2.3
MECHANICAL,S1.P6.CB.10.2.3.1
MECHANICAL,S1.P6.CB.10.2.4
MECHANICAL,S1.P6.CB.10.2.4.1
MECHANICAL,S1.P6.CB.10.2.4.2
MECHANICAL,S1.P6.CB.10.2.4.3
MECHANICAL,S1.P6.CB.10.2.5
MECHANICAL,S1.P6.CB.10.2.5.1
MECHANICAL,S1.P6.CB. 10.2.6
MECHANICAL,S1.P6.CB.10.2.6.1
MECHANICAL,S1.P6.CB.10.2.7
MECHANICAL,S1.P6.CB.10.3
MECHANICAL,S1.P6.CB.10.3.1
MECHANICAL,S1.P6.CB.10.3.1.1
MECHANICAL,S1.P6.CB.10.3.1.2
MECHANICAL,S1.P6.CB.10.3.1.3
MECHANICAL,S1.P6.CB.10.3.1.4
MECHANICAL,S1.P6.CB.10.3.2
MECHANICAL,S1.P6.CB.10.3.2.1
MECHANICAL,S1.P6.CB.10.3.2.2
MECHANICAL,S1.P6.CB.10.3.3
MECHANICAL,S1.P6.CB.10.3.3.1
MECHANICAL,S1.P6.CB.10.3.3.2
MECHANICAL,S1.P6.CB.10.3.4
MECHANICAL,S1.P6.CB.10.3.4.1
MECHANICAL,S1.P6.CB.10.3.4.2
MECHANICAL,S1.P6.CB.10.4
MECHANICAL,S1.P6.CB.10.4.1
MECHANICAL,S1.P6.CB.10.4.1.1
MECHANICAL,S1.P6.CB.10.4.2
MECHANICAL,S1.P6.CB.10.4.2.1
MECHANICAL,S1.P6.CB.10.4.3
MECHANICAL,S1.P6.CB.10.4.3.1
MECHANICAL,S1.P6.CB.11
MECHANICAL,S1.P6.CB.11.1
MECHANICAL,S1.P6.CB.11.1.1
MECHANICAL,S1.P6.CB.11.1.2
MECHANICAL,S1.P6.CB.11.1.3
MECHANICAL,S1.P6.CB.11.1.4
MECHANICAL,S1.P6.CB.11.1.5
MECHANICAL,S1.P6.CB.11.2
MECHANICAL,S1.P6.CB.11.2.1
MECHANICAL,S1.P6.CB.11.2.2
MECHANICAL,S1.P6.CB.11.2.3
MECHANICAL,S1.P6.CB.11.2.3.1
MECHANICAL,S1.P6.CB.11.2.3.2
MECHANICAL,S1.P6.CB.11.2.3.3
MECHANICAL,S1.P6.CB.11.2.4
MECHANICAL,S1.P6.CB.11.2.4.1
MECHANICAL,S1.P6.CB.11.2.5
MECHANICAL,S1.P6.CB.11.2.5.1
MECHANICAL,S1.P6.CB.11.2.5.2
MECHANICAL,S1.P6.CB.11.2.6
MECHANICAL,S1.P6.CB.11.2.6.1
MECHANICAL,S1.P6.CB.11.2.7
MECHANICAL,S1.P6.CB.11.2.7.1
MECHANICAL,S1.P6.CB.11.2.7.2
MECHANICAL,S1.P6.CB.11.2.8
MECHANICAL,S1.P6.CB.11.2.8.1
MECHANICAL,S1.P6.CB.11.2.8.2
MECHANICAL,S1.P6.CB.11.2.8.3
MECHANICAL,S1.P6.CB.11.2.9
MECHANICAL,S1.P6.CB.11.2.9.1
MECHANICAL,S1.P6.CB.11.3
MECHANICAL,S1.P6.CB.11.3.1
MECHANICAL,S1.P6.CB.11.3.2
MECHANICAL,S1.P6.CB.11.4
MECHANICAL,S1.P6.CB.11.4.1
MECHANICAL,S1.P6.CB.11.4.2
MECHANICAL,S1.P6.CB.12
MECHANICAL,S1.P6.CB.12.2
MECHANICAL,S1.P6.CB.12.2.1
MECHANICAL,
MECHANICAL,S1.P6.SCB.10
MECHANICAL,S1.P6.SCB.10.1
MECHANICAL,S1.P6.SCB.10.1.1
MECHANICAL,S1.P6.SCB.10.1.2
MECHANICAL,S1.P6.SCB.10.1.3
MECHANICAL,S1.P6.SCB.10.1.4
MECHANICAL,S1.P6.SCB.10.1.5
MECHANICAL,S1.P6.SCB.10.1.6
MECHANICAL,S1.P6.SCB.10.2
MECHANICAL,S1.P6.SCB.10.2.1
MECHANICAL,S1.P6.SCB.10.2.1.1
MECHANICAL,S1.P6.SCB.10.2.1.2
MECHANICAL,S1.P6.SCB.10.2.1.3
MECHANICAL,S1.P6.SCB.10.2.1.4
MECHANICAL,S1.P6.SCB.10.2.1.5
MECHANICAL,S1.P6.SCB.10.2.2
MECHANICAL,S1.P6.SCB.10.2.2.1
MECHANICAL,S1.P6.SCB.10.2.2.2
MECHANICAL,S1.P6.SCB.10.2.3
MECHANICAL,S1.P6.SCB.10.2.3.1
MECHANICAL,S1.P6.SCB.10.2.3.2
MECHANICAL,S1.P6.SCB.10.2.3.3
MECHANICAL,S1.P6.SCB.10.2.4
MECHANICAL,S1.P6.SCB.10.2.4.1
MECHANICAL,S1.P6.SCB.10.2.5
MECHANICAL,S1.P6.SCB.10.2.5.1
MECHANICAL,S1.P6.SCB.10.2.5.2
MECHANICAL,S1.P6.SCB.10.2.6
MECHANICAL,S1.P6.SCB.10.2.6.1
MECHANICAL,S1.P6.SCB.10.2.6.2
MECHANICAL,S1.P6.SCB.10.3
MECHANICAL,S1.P6.SCB.10.3.1
MECHANICAL,S1.P6.SCB.10.3.1.1
MECHANICAL,S1.P6.SCB.10.3.1.2
MECHANICAL,S1.P6.SCB.10.3.1.3
MECHANICAL,S1.P6.SCB.10.3.1.4
MECHANICAL,S1.P6.SCB.10.3.1.5
MECHANICAL,S1.P6.SCB.10.3.2
MECHANICAL,S1.P6.SCB.10.3.2.1
MECHANICAL,S1.P6.SCB.10.3.3
MECHANICAL,S1.P6.SCB.10.3.3.1
MECHANICAL,S1.P6.SCB.10.3.4
MECHANICAL,S1.P6.SCB.10.3.4.1
MECHANICAL,S1.P6.SCB.10.3.4.2
MECHANICAL,S1.P6.SCB.10.4
MECHANICAL,S1.P6.SCB.10.4.1
MECHANICAL,S1.P6.SCB.10.4.2
MECHANICAL,S1.P6.SCB.10.4.3
MECHANICAL,S1.P6.SCB.10.4.4
MECHANICAL,S1.P6.SCB.10.5
MECHANICAL,S1.P6.SCB.10.5.1
MECHANICAL,S1.P6.SCB.10.5.1.1
MECHANICAL,S1.P6.SCB.10.5.1.2
MECHANICAL,S1.P6.SCB.10.5.1.3
MECHANICAL,S1.P6.SCB.10.5.1.4
MECHANICAL,S1.P6.SCB.10.5.2
MECHANICAL,S1.P6.SCB.10.5.2.1
MECHANICAL,S1.P6.SCB.10.5.3
MECHANICAL,S1.P6.SCB.10.5.3.1
MECHANICAL,S1.P6.SCB.10.5.4
MECHANICAL,S1.P6.SCB.11
MECHANICAL,S1.P6.SCB.11.1
MECHANICAL,S1.P6.SCB.11.1.1
MECHANICAL,S1.P6.SCB.11.1.2
MECHANICAL,S1.P6.SCB.11.1.3
MECHANICAL,S1.P6.SCB.11.1.4
MECHANICAL,S1.P6.SCB.11.1.5
MECHANICAL,S1.P6.SCB.11.1.6
MECHANICAL,S1.P6.SCB.11.1.7
MECHANICAL,S1.P6.SCB.11.1.8
MECHANICAL,S1.P6.SCB.11.2
MECHANICAL,S1.P6.SCB.11.2.1
MECHANICAL,S1.P6.SCB.11.2.2
MECHANICAL,S1.P6.SCB.11.2.3
MECHANICAL,S1.P6.SCB.11.2.4
MECHANICAL,S1.P6.SCB.12
MECHANICAL,S1.P6.SCB.12.2
MECHANICAL,S1.P6.SCB.12.2.1
MECHANICAL,S1.P6.SCB.12.2.2
MECHANICAL,S1.P6.CB. 5.2
MECHANICAL,S1.P6.SCB. 5.2
MECHANICAL,
MECHANICAL,S1.P9.TWTPH. 5.2
MECHANICAL,S1.9.TWTPH.10.1.1.1
MECHANICAL,S1.9.TWTPH.10.1.1.2
MECHANICAL,S1.9.TWTPH.10.1.1.3
MECHANICAL,S1.P9.TWTPH.10.1.2
MECHANICAL,S1.p9.TWTPH.10.1.2.1
MECHANICAL,S1.P9.TWTPH. 10.1.2.2
MECHANICAL,S1.P9.TWTPH. 10.1.2.3
MECHANICAL,S1.p9.TWTPH.10.1.2.4
MECHANICAL,S1.p9.TWTPH.10.1.2.5
MECHANICAL,S1.P9.TWTPH.10.1.2.6
MECHANICAL,S1.P9.TWTPH. 10.1.3
MECHANICAL,S1.P9.TWTPH. 10.1.3.1
MECHANICAL,S1.P9.TWTPH.11
MECHANICAL,S1.P9.TWTPH.11.1
MECHANICAL,S1.P9.TWTPH.11.1.1
MECHANICAL,S1.P9.TWTPH.12
MECHANICAL,S1.P9.TWTPH.12.1
MECHANICAL,S1.P9.TWTPH.12.1.1
MECHANICAL,
MECHANICAL,S1.P1.SGR.10
MECHANICAL,S1.P1.SGR.10.1
MECHANICAL,S1.P1.SGR.10.1.1
MECHANICAL,S1.P1.SGR.10.2
MECHANICAL,S1.P1.SGR.10.2.1
MECHANICAL,S1.P1.SGR.10.2.1.1
MECHANICAL,S1.P1.SGR.10.2.2
MECHANICAL,S1.P1.SGR.10.2.2.1
MECHANICAL,S1.P1.SGR.10.2.3
MECHANICAL,S1.P1.SGR.10.2.3.1
MECHANICAL,S1.P1.SGR.10.2.4
MECHANICAL,S1.P1.SGR.10.2.4.1
MECHANICAL,S1.P1.SGR.10.3
MECHANICAL,S1.P1.SGR.10.3.1
MECHANICAL,S1.P1.SGR.10.3.1.1
MECHANICAL,S1.P1.SGR.10.3.1.2
MECHANICAL,S1.P1.SGR.10.3.1.3
MECHANICAL,S1.P1.SGR.10.3.2
MECHANICAL,S1.P1.SGR.10.3.2.1
MECHANICAL,S1.P1.SGR.10.3.3
MECHANICAL,S1.P1.SGR.10.3.3.1
MECHANICAL,S1.P1.SGR.10.4
MECHANICAL,S1.P1.SGR.10.4.1
MECHANICAL,S1.P1.SGR.10.4.1.1
MECHANICAL,S1.P1.SGR.10.4.2
MECHANICAL,S1.P1.SGR.10.4.2.1
MECHANICAL,S1.P1.SGR.10.4.3
MECHANICAL,S1.P1.SGR.10.4.4
MECHANICAL,S1.P1.SGR.10.4.5
MECHANICAL,S1.P1.SGR.11
MECHANICAL,S1.P1.SGR.11.1
MECHANICAL,S1.P1.SGR.11.1.1
MECHANICAL,S1.P1.SGR.11.1.2
MECHANICAL,S1.P1.SGR.11.2
MECHANICAL,S1.P1.SGR.11.2.1
MECHANICAL,S1.P1.SGR.12
MECHANICAL,S1.P1.SGR.12.1
MECHANICAL,S1.P1.SGR.12.1.1
MECHANICAL,S1.P1.SGR. 5.2
MECHANICAL,
MECHANICAL,S1.P1.CR.11
MECHANICAL,S1.P1.CR.11.1
MECHANICAL,S1.P1.CR.11.1.1
MECHANICAL,S1.P1.CR.11.2
MECHANICAL,S1.P1.CR.11.2.1
MECHANICAL,S1.P1.CR.12
MECHANICAL,S1.P1.CR.12.1
MECHANICAL,S1.P1.CR.12.1.1
MECHANICAL,S1.P1.CR.12.1.2
MECHANICAL,S1.P1.CR. 5.2
MECHANICAL,
MECHANICAL,S1.P1.GR.10
MECHANICAL,S1.P1.GR.10.1
MECHANICAL,S1.P1.GR.10.1.1
MECHANICAL,S1.P1.GR.10.1.1.1
MECHANICAL,S1.P1.GR.10.1.1.2
MECHANICAL,S1.P1.GR.10.1.1.3
MECHANICAL,S1.P1.GR.10.1.2
MECHANICAL,S1.P1.GR.10.1.2.1
MECHANICAL,S1.P1.GR.10.1.2.2
MECHANICAL,S1.P1.GR.10.1.2.3
MECHANICAL,S1.P1.GR.10.1.3
MECHANICAL,S1.P1.GR.10.1.3.1
MECHANICAL,S1.P1.GR.10.1.3.2
MECHANICAL,S1.P1.GR.10.1.3.3
MECHANICAL,S1.P1.GR.10.1.4
MECHANICAL,S1.P1.GR.10.1.4.1
MECHANICAL,S1.P1.GR.10.1.5
MECHANICAL,S1.P1.GR.10.1.5.1
MECHANICAL,S1.P1.GR.10.1.6
MECHANICAL,S1.P1.GR.10.1.6.1
MECHANICAL,S1.P1.GR.10.1.7
MECHANICAL,S1.P1.GR.10.1.7.1
MECHANICAL,S1.P1.GR.10.1.8
MECHANICAL,S1.P1.GR. 10.1.9
MECHANICAL,S1.P1.GR.11
MECHANICAL,S1.P1.GR.11.1
MECHANICAL,S1.P1.GR.11.1.1
MECHANICAL,S1.P1.GR.12
MECHANICAL,S1.P1.GR.12.1
MECHANICAL,S1.P1.GR.12.1.1
MECHANICAL,S1.P1.GR.5.2
MECHANICAL,
MECHANICAL,S1.P1.GH.5.2
MECHANICAL,S1.P1.GH.10
MECHANICAL,S1.P1.GH.10.1
MECHANICAL,S1.P1.GH.10.1.1
MECHANICAL,S1.P1.GH.10.1.2
MECHANICAL,S1.P1.GH.10.1.3
MECHANICAL,S1.P1.GH.10.2
MECHANICAL,S1.P1.GH.10.2.1
MECHANICAL,S1.P1.GH.10.2.1.1
MECHANICAL,S1.P1.GH.10.2.1.2
MECHANICAL,S1.P1.GH.10.2.2
MECHANICAL,S1.P1.GH.10.2.2.1
MECHANICAL,S1.P1.GH.10.2.3
MECHANICAL,S1.P1.GH.10.2.3.1
MECHANICAL,S1.P1.GH.10.2.4
MECHANICAL,S1.P1.GH.10.2.4.1
MECHANICAL,S1.P1.GH.10.2.5
MECHANICAL,S1.P1.GH.10.2.5.1
MECHANICAL,S1.P1.GH.10.2.6
MECHANICAL,S1.P1.GH.10.3
MECHANICAL,S1.P1.GH.10.3.1
MECHANICAL,S1.P1.GH.10.3.1.1
MECHANICAL,S1.P1.GH.10.3.1.2
MECHANICAL,S1.P1.GH.10.3.2
MECHANICAL,S1.P1.GH.10.3.2.1
MECHANICAL,S1.P1.GH.10.3.3
MECHANICAL,S1.P1.GH.10.3.3.1
MECHANICAL,S1.P1.GH.10.3.4
MECHANICAL,S1.P1.GH.10.3.4.1
MECHANICAL,S1.P1.GH.10.4
MECHANICAL,S1.P1.GH.10.4.1
MECHANICAL,S1.P1.GH.10.4.1.1
MECHANICAL,S1.P1.GH.10.4.2
MECHANICAL,S1.P1.GH.10.4.3
MECHANICAL,S1.P1.GH.10.4.2.1
MECHANICAL,S1.P1.GH.11
MECHANICAL,S1.P1.GH.11.1
MECHANICAL,S1.P1.GH.11.1.1
MECHANICAL,S1.P1.GH.11.2
MECHANICAL,S1.P1.GH.11.2.1
MECHANICAL,S1.P1.GH.12
MECHANICAL,S1.P1.GH.12.1
MECHANICAL,S1.P1.GH.12.1.1
MECHANICAL,S1.P1.MOSQ. 5.3
MECHANICAL,S1.P1.PH. 5.2
MECHANICAL,S1.P1.OA.5.3
MECHANICAL,S1.P3.MOSQ. 5.4
MECHANICAL,S1.P6.MOSQ. 5.4
MECHANICAL,S1.P10.STP.1.1
MECHANICAL,S1.P6.SW.20.2.2.1
MECHANICAL,S1.P1.SW.20.2.2.2
MECHANICAL,S1.P3.SW.20.3.3
MECHANICAL,S1.P3.SW.20.2.2.1
MECHANICAL,S1.P3.SW.20.2.2.2
MECHANICAL,S1.P3.SW.20.2.2.3
MECHANICAL,S1.P1.SW.20.2.2.1
MECHANICAL,S1.P1.SW.20.2.2.3
MECHANICAL,S1.P10.SW.20.2.2.1
